scorer,DLC_resnet50_smallpole_singlelimbFeb10shuffle1_400000,DLC_resnet50_smallpole_singlelimbFeb10shuffle1_400000,DLC_resnet50_smallpole_singlelimbFeb10shuffle1_400000,DLC_resnet50_smallpole_singlelimbFeb10shuffle1_400000,DLC_resnet50_smallpole_singlelimbFeb10shuffle1_400000,DLC_resnet50_smallpole_singlelimbFeb10shuffle1_400000,DLC_resnet50_smallpole_singlelimbFeb10shuffle1_400000,DLC_resnet50_smallpole_singlelimbFeb10shuffle1_400000,DLC_resnet50_smallpole_singlelimbFeb10shuffle1_400000
bodyparts,woodL,woodL,woodL,woodR,woodR,woodR,neck,neck,neck
coords,x,y,likelihood,x,y,likelihood,x,y,likelihood
0,335.2529296875,299.7359313964844,0.9994057416915894,581.958251953125,296.0259704589844,0.9999428987503052,1026.7874755859375,359.17706298828125,0.9993699193000793
1,335.2529296875,299.7792663574219,0.999360978603363,581.9796142578125,296.0443420410156,0.9999443292617798,1026.7874755859375,360.168701171875,0.9992688298225403
2,335.2529296875,299.8960876464844,0.999392032623291,581.9796142578125,296.0825500488281,0.9999414682388306,1026.7874755859375,361.1108703613281,0.9987415671348572
3,335.2442321777344,299.8960876464844,0.9993879795074463,581.9796142578125,296.0825500488281,0.9999371767044067,1026.5750732421875,362.6937255859375,0.997448205947876
4,335.2442321777344,299.7792663574219,0.9993921518325806,581.982666015625,296.0825500488281,0.9999418258666992,1026.5750732421875,363.8224182128906,0.9980790615081787
5,335.2442321777344,299.8960876464844,0.9993828535079956,581.982666015625,296.1429748535156,0.9999440908432007,1026.5750732421875,364.4427490234375,0.998524010181427
6,335.2442321777344,300.12921142578125,0.9994122982025146,581.9099731445312,296.1429748535156,0.9999423027038574,1026.9324951171875,364.85357666015625,0.9990023970603943
7,335.28094482421875,300.14471435546875,0.9994025230407715,581.982666015625,296.1558837890625,0.9999406337738037,1026.96826171875,365.4906921386719,0.9990904331207275
8,335.28094482421875,300.14471435546875,0.9993923902511597,581.99267578125,296.1558837890625,0.9999394416809082,1027.09765625,366.6094055175781,0.999269425868988
9,335.2253112792969,300.14471435546875,0.9993870258331299,581.9329833984375,296.1558837890625,0.9999423027038574,1027.363037109375,367.0242614746094,0.9992132186889648
10,335.2253112792969,299.9385986328125,0.9993554949760437,581.99267578125,296.1558837890625,0.9999446868896484,1027.5711669921875,367.1342468261719,0.9992676377296448
11,335.27642822265625,299.9385986328125,0.9993523955345154,581.99267578125,296.1558837890625,0.9999454021453857,1027.5711669921875,367.69573974609375,0.9991828799247742
12,335.23431396484375,299.9385986328125,0.999395489692688,581.9329833984375,296.1679992675781,0.9999368190765381,1027.5711669921875,367.7603759765625,0.99915611743927
13,335.23431396484375,299.9385986328125,0.9993902444839478,581.9329833984375,296.1679992675781,0.999936580657959,1027.5711669921875,367.9404296875,0.9989952445030212
14,335.2606506347656,299.9385986328125,0.9994052648544312,581.9480590820312,296.1679992675781,0.9999409914016724,1027.635498046875,368.29400634765625,0.9993329644203186
15,335.2606506347656,300.15771484375,0.9993307590484619,581.9430541992188,296.1673278808594,0.9999464750289917,1027.635498046875,368.29400634765625,0.9994103908538818
16,335.235595703125,300.15771484375,0.9993622899055481,581.9430541992188,296.1673278808594,0.999945878982544,1027.635498046875,368.9642333984375,0.9996511936187744
17,335.2606506347656,300.1499328613281,0.9993895292282104,581.9430541992188,296.1673278808594,0.9999408721923828,1027.635498046875,369.1972351074219,0.9995834231376648
18,335.2815246582031,300.1499328613281,0.9994025230407715,581.9099731445312,296.1673278808594,0.9999376535415649,1027.33251953125,369.97998046875,0.9996544122695923
19,335.2815246582031,300.1499328613281,0.9993809461593628,581.8825073242188,296.1673278808594,0.9999396800994873,1027.2301025390625,370.708251953125,0.9997112154960632
20,335.2815246582031,300.0914306640625,0.9993599057197571,581.8825073242188,296.1351318359375,0.9999446868896484,1027.074462890625,371.4443054199219,0.9998341798782349
21,335.30462646484375,300.0914306640625,0.9993701577186584,581.8869018554688,296.1351318359375,0.9999457597732544,1026.98876953125,372.6664733886719,0.9998327493667603
22,335.2815246582031,300.084228515625,0.9993653893470764,581.8632202148438,296.121826171875,0.999941349029541,1026.8050537109375,373.7674560546875,0.9998087286949158
23,335.3004150390625,300.084228515625,0.9993914365768433,581.8844604492188,296.121826171875,0.9999394416809082,1026.791259765625,374.9410705566406,0.9997275471687317
24,335.3004150390625,300.0914306640625,0.9993694424629211,581.8869018554688,296.121826171875,0.9999438524246216,1026.791259765625,376.3525085449219,0.9994888305664062
25,335.2842712402344,300.1396179199219,0.9993730187416077,581.8844604492188,296.121826171875,0.9999417066574097,1026.0513916015625,378.58056640625,0.9984099864959717
26,335.2812194824219,300.14849853515625,0.9993777275085449,581.8632202148438,296.1188049316406,0.9999420642852783,1026.0052490234375,379.9908752441406,0.9984778761863708
27,335.2842712402344,300.14849853515625,0.999403715133667,581.8844604492188,296.1185302734375,0.9999408721923828,1026.0052490234375,380.7926025390625,0.9988930821418762
28,335.2772216796875,300.14849853515625,0.9993776679039001,581.8494873046875,296.1080627441406,0.9999430179595947,1026.0513916015625,381.7521667480469,0.99887615442276
29,335.26861572265625,300.14849853515625,0.99933260679245,581.8395385742188,296.1185302734375,0.9999455213546753,1026.2301025390625,382.4698486328125,0.9991156458854675
30,335.26861572265625,300.14849853515625,0.9993791580200195,581.8494873046875,296.1185302734375,0.9999434947967529,1026.82958984375,382.8832092285156,0.9991783499717712
31,335.2605285644531,300.11334228515625,0.9993922710418701,581.8395385742188,296.0928955078125,0.9999412298202515,1027.474853515625,383.11639404296875,0.9992321729660034
32,335.2452697753906,300.11334228515625,0.9993799924850464,581.8233032226562,296.0928955078125,0.9999418258666992,1027.47509765625,383.32696533203125,0.9991976618766785
33,335.2427673339844,300.1550598144531,0.9993755221366882,581.8169555664062,296.14599609375,0.999943733215332,1027.7548828125,383.47137451171875,0.9991884827613831
34,335.2427673339844,300.1565856933594,0.9993784427642822,581.8233032226562,296.14599609375,0.9999417066574097,1027.77880859375,383.53173828125,0.9990979433059692
35,335.20745849609375,300.11334228515625,0.9993873834609985,581.8233032226562,296.1146240234375,0.9999415874481201,1027.77880859375,383.53173828125,0.9991046786308289
36,335.20745849609375,300.1094970703125,0.9993945360183716,581.830322265625,296.1146240234375,0.9999405145645142,1028.048095703125,383.5973815917969,0.9989720582962036
37,335.2309875488281,300.1724548339844,0.9993805885314941,581.8604736328125,296.14599609375,0.9999420642852783,1028.0496826171875,383.63909912109375,0.9991641044616699
38,335.2309875488281,300.1728515625,0.9993578791618347,581.8604736328125,296.1829528808594,0.9999454021453857,1028.0496826171875,383.67999267578125,0.999129593372345
39,335.20745849609375,300.1728515625,0.9993765950202942,581.8604736328125,296.17742919921875,0.999940037727356,1028.116943359375,384.0126953125,0.9993366599082947
40,335.2309875488281,300.1728515625,0.9993962049484253,581.8604736328125,296.17742919921875,0.9999399185180664,1028.16943359375,384.0472106933594,0.9993488192558289
41,335.2309875488281,300.1728515625,0.9994107484817505,581.882568359375,296.17742919921875,0.9999403953552246,1028.1885986328125,384.1997985839844,0.999396562576294
42,335.28094482421875,300.1455383300781,0.9993576407432556,581.882568359375,296.11431884765625,0.9999443292617798,1028.2030029296875,384.24822998046875,0.9994344115257263
43,335.28094482421875,300.1455383300781,0.9993324875831604,581.890380859375,296.11431884765625,0.9999445676803589,1028.2030029296875,384.6064453125,0.9996121525764465
44,335.28094482421875,300.1455383300781,0.9993958473205566,581.890380859375,296.11431884765625,0.9999420642852783,1028.1885986328125,384.94683837890625,0.9997151494026184
45,335.265625,300.1455383300781,0.9994044303894043,581.890380859375,296.11431884765625,0.9999372959136963,1028.025146484375,384.9506530761719,0.9997014403343201
46,335.265625,300.1455383300781,0.9994044303894043,581.8616943359375,296.11431884765625,0.9999386072158813,1027.6534423828125,385.00537109375,0.999670147895813
47,335.265625,300.1183166503906,0.9993804693222046,581.861083984375,296.07061767578125,0.9999439716339111,1027.5396728515625,385.00537109375,0.9995658993721008
48,335.19110107421875,300.1183166503906,0.9993401169776917,581.8387451171875,296.07061767578125,0.999945878982544,1027.5396728515625,385.34539794921875,0.9996192455291748
49,335.19439697265625,300.1183166503906,0.9993880987167358,581.860595703125,296.07061767578125,0.9999430179595947,1027.5396728515625,385.703857421875,0.9996306896209717
50,335.24639892578125,300.19903564453125,0.9994012117385864,581.860595703125,296.1764831542969,0.9999408721923828,1027.677490234375,385.72998046875,0.9996274709701538
51,335.19439697265625,300.19903564453125,0.9994032382965088,581.8430786132812,296.1764831542969,0.9999381303787231,1028.31103515625,385.90625,0.9996476173400879
52,335.19439697265625,300.19903564453125,0.9993910789489746,581.8430786132812,296.1764831542969,0.9999415874481201,1028.7965087890625,386.4871520996094,0.9996379613876343
53,335.24639892578125,300.13433837890625,0.9993473887443542,581.860595703125,296.1483154296875,0.9999439716339111,1029.461181640625,386.9065856933594,0.9996241331100464
54,335.24639892578125,300.13433837890625,0.9993522763252258,581.848388671875,296.1483154296875,0.9999446868896484,1030.451416015625,387.0737609863281,0.999525785446167
55,335.2938537597656,300.13433837890625,0.9993873834609985,581.8901977539062,296.1483154296875,0.9999418258666992,1031.885986328125,387.4754943847656,0.9993000030517578
56,335.2957763671875,300.13433837890625,0.9993903636932373,581.901611328125,296.1483154296875,0.9999377727508545,1031.885986328125,388.1893615722656,0.9989872574806213
57,335.30108642578125,300.1412658691406,0.9993910789489746,581.9464721679688,296.1483154296875,0.9999399185180664,1031.9241943359375,388.40692138671875,0.9936467409133911
58,335.30108642578125,300.1412658691406,0.9993610978126526,581.914306640625,296.1206970214844,0.9999427795410156,1033.4315185546875,389.96038818359375,0.9940787553787231
59,335.3297119140625,300.1035461425781,0.9993878602981567,581.9603881835938,296.106689453125,0.9999403953552246,1033.4315185546875,389.96038818359375,0.9775420427322388
60,335.3297119140625,300.1002502441406,0.9993709921836853,581.9632568359375,296.0857238769531,0.9999414682388306,1033.4315185546875,389.96038818359375,0.9833736419677734
61,335.26800537109375,300.0947570800781,0.9993513226509094,581.9632568359375,296.106689453125,0.9999433755874634,1033.4315185546875,388.74200439453125,0.9045654535293579
62,335.26800537109375,300.0947570800781,0.9993125200271606,581.9454345703125,296.1206970214844,0.9999444484710693,1033.4315185546875,387.5836486816406,0.04212851822376251
63,335.3259582519531,300.0947570800781,0.9993717074394226,581.9454345703125,296.1466369628906,0.9999394416809082,588.3287353515625,278.6799011230469,0.002411058871075511
64,335.3082275390625,300.09564208984375,0.9993959665298462,581.9330444335938,296.1487121582031,0.999941349029541,588.3236083984375,278.6798400878906,0.002343888161703944
65,335.3259582519531,300.09564208984375,0.9993743300437927,581.9330444335938,296.1487121582031,0.9999399185180664,588.3236083984375,278.6798400878906,0.0024010762572288513
66,335.3383483886719,300.09564208984375,0.9993768334388733,581.9454345703125,296.1466369628906,0.9999396800994873,588.3236083984375,278.6798400878906,0.0024106577038764954
67,335.3368835449219,300.09564208984375,0.9993640780448914,581.9290771484375,296.1396179199219,0.9999442100524902,588.3236083984375,278.6722412109375,0.0023816898465156555
68,335.3368835449219,300.09564208984375,0.9993799924850464,581.947509765625,296.1396179199219,0.9999427795410156,588.3222045898438,278.6773986816406,0.002347570611163974
69,335.3368835449219,300.1029052734375,0.999380350112915,581.947509765625,296.08123779296875,0.9999415874481201,588.3317260742188,278.6971435546875,0.0023764013312757015
70,335.335693359375,300.1029052734375,0.9993866682052612,581.9325561523438,296.10009765625,0.999936580657959,588.3222045898438,278.6971435546875,0.0023842789232730865
71,335.306640625,300.111083984375,0.9993813037872314,581.9273681640625,296.1396179199219,0.9999407529830933,588.31103515625,278.6773986816406,0.0023882475215941668
72,335.30340576171875,300.103759765625,0.9993711113929749,581.9325561523438,296.1580505371094,0.9999420642852783,588.3222045898438,278.69488525390625,0.002374508650973439
73,335.30340576171875,300.103759765625,0.999376118183136,581.9325561523438,296.1580505371094,0.9999415874481201,588.3317260742188,278.69488525390625,0.0023745130747556686
74,335.306640625,300.103759765625,0.9993714690208435,581.9359130859375,296.1580505371094,0.9999375343322754,588.3253173828125,278.69488525390625,0.002373916795477271
75,335.3416442871094,300.103759765625,0.9993839263916016,581.9519653320312,296.1580505371094,0.9999388456344604,588.3253173828125,278.6904602050781,0.002381546190008521
76,335.3416442871094,300.103759765625,0.9993606209754944,581.9519653320312,296.16888427734375,0.9999431371688843,588.3253173828125,278.6904602050781,0.002344351029023528
77,335.3416442871094,300.1090393066406,0.999351441860199,581.9359130859375,296.1725158691406,0.9999414682388306,588.322998046875,278.690185546875,0.002358813304454088
78,335.3223571777344,300.104248046875,0.9994006156921387,581.923583984375,296.1756896972656,0.99993896484375,588.318359375,278.6827392578125,0.002400750759989023
79,335.2900695800781,300.104248046875,0.9994070529937744,581.923583984375,296.1756896972656,0.9999393224716187,588.318359375,278.6827392578125,0.002426184481009841
80,335.2900695800781,300.104248046875,0.9993804693222046,581.923583984375,296.1756896972656,0.9999381303787231,588.318359375,278.6827392578125,0.002373747294768691
81,335.3223571777344,300.104248046875,0.9993721842765808,581.9820556640625,296.1756896972656,0.9999436140060425,588.3442993164062,278.6803894042969,0.002330406103283167
82,335.32989501953125,300.104248046875,0.9993854761123657,581.9842529296875,296.1704406738281,0.9999414682388306,588.3442993164062,278.6864929199219,0.0023643788881599903
83,335.3638000488281,300.0713195800781,0.999383807182312,582.0134887695312,296.1006774902344,0.9999393224716187,588.3558959960938,278.6991882324219,0.002366964938119054
84,335.3658142089844,300.0794982910156,0.999381422996521,581.9973754882812,296.15289306640625,0.9999414682388306,588.3558959960938,278.7008056640625,0.002367093227803707
85,335.37060546875,300.12127685546875,0.9993758797645569,582.0134887695312,296.15289306640625,0.9999420642852783,588.3569946289062,278.7196044921875,0.0023700587917119265
86,335.37060546875,300.12127685546875,0.9993842840194702,582.010986328125,296.1399841308594,0.9999396800994873,588.3569946289062,278.7197265625,0.002349324757233262
87,335.3658142089844,300.0794982910156,0.9993880987167358,582.0134887695312,296.130859375,0.9999399185180664,996.9823608398438,499.16998291015625,0.0024143760092556477
88,335.34771728515625,300.0794982910156,0.9993663430213928,582.0354614257812,296.1343994140625,0.9999399185180664,996.9823608398438,499.16998291015625,0.002616375219076872
89,335.3323669433594,299.83074951171875,0.9994125366210938,582.0354614257812,296.1343994140625,0.9999412298202515,996.9823608398438,499.16998291015625,0.003172297030687332
90,335.3304748535156,299.83074951171875,0.9993727803230286,582.010986328125,296.1399841308594,0.9999396800994873,588.3735961914062,278.7095642089844,0.0023758269380778074
91,335.2803955078125,299.81390380859375,0.9993839263916016,582.00927734375,296.1343994140625,0.99993896484375,588.3524169921875,278.7095642089844,0.0023511045146733522
92,335.3304748535156,299.81390380859375,0.9993780851364136,582.00927734375,296.1343994140625,0.9999393224716187,588.3524169921875,278.7095642089844,0.002335941419005394
93,335.320068359375,299.81390380859375,0.9993745684623718,582.00927734375,296.0943298339844,0.9999415874481201,588.3524169921875,278.7116394042969,0.002348928013816476
94,335.320068359375,299.8983154296875,0.999367892742157,582.041015625,296.0943298339844,0.9999425411224365,588.3683471679688,278.7116394042969,0.002336974022909999
95,335.320068359375,299.8983154296875,0.9994189739227295,582.041015625,296.0943298339844,0.9999403953552246,588.3809814453125,278.7310791015625,0.00231579365208745
96,335.320068359375,299.8983154296875,0.9993906021118164,582.041015625,296.1360168457031,0.9999350309371948,588.3809814453125,278.7310791015625,0.002350557828322053
97,335.2929992675781,299.8268737792969,0.9993701577186584,582.0407104492188,296.1360168457031,0.9999356269836426,588.3956298828125,278.73529052734375,0.002690586494281888
98,335.28155517578125,299.8268737792969,0.9994006156921387,582.0407104492188,296.1360168457031,0.9999395608901978,588.3683471679688,278.7682189941406,0.0023824877571314573
99,335.2929992675781,299.8268737792969,0.9993834495544434,582.0311889648438,296.1360168457031,0.9999464750289917,588.3529052734375,298.9321594238281,0.002322637476027012
100,335.2929992675781,299.8268737792969,0.9993701577186584,582.0311889648438,296.1360168457031,0.9999463558197021,588.3529052734375,278.7682189941406,0.002302809152752161
101,335.2929992675781,299.8554382324219,0.9993994235992432,582.0407104492188,296.20166015625,0.9999375343322754,587.8977661132812,298.9321594238281,0.0023323369678109884
102,335.326416015625,299.8554382324219,0.9994099140167236,582.0634765625,296.20166015625,0.9999347925186157,587.89306640625,298.9481201171875,0.0023314552381634712
103,335.326416015625,299.8554382324219,0.9993909597396851,582.0634765625,296.20166015625,0.9999377727508545,587.8977661132812,298.9481201171875,0.002351428847759962
104,335.326416015625,299.8554382324219,0.9994059801101685,582.0634765625,296.1475524902344,0.9999452829360962,588.3651123046875,298.9481201171875,0.002311237156391144
105,335.326416015625,299.8554382324219,0.9993738532066345,582.08056640625,296.1475524902344,0.9999434947967529,588.3878784179688,298.9481201171875,0.002457159571349621
106,335.3276062011719,299.7939758300781,0.9993889331817627,582.1024169921875,296.1181945800781,0.9999384880065918,588.3911743164062,278.7190856933594,0.0023129486944526434
107,335.35577392578125,299.7939758300781,0.9994267225265503,582.1024169921875,296.1181945800781,0.9999393224716187,588.3911743164062,278.7190856933594,0.0023532798513770103
108,335.3829040527344,299.7939758300781,0.9994304776191711,582.1163940429688,296.1181945800781,0.9999396800994873,588.3911743164062,278.7190856933594,0.0023421014193445444
109,335.35577392578125,299.7939758300781,0.9994200468063354,582.1163940429688,296.1181945800781,0.9999442100524902,588.3911743164062,278.7190856933594,0.00231923907995224
110,335.35577392578125,299.7939758300781,0.9994469285011292,582.1163940429688,296.1181945800781,0.9999392032623291,588.3789672851562,278.7190856933594,0.0023421370424330235
111,335.3353271484375,299.7645568847656,0.9994310736656189,582.078857421875,296.0767517089844,0.9999377727508545,588.3789672851562,278.7294921875,0.0023476076312363148
112,335.3353271484375,299.7645568847656,0.9994195699691772,582.078857421875,296.0767517089844,0.9999386072158813,588.3789672851562,278.7294921875,0.002328550908714533
113,335.3289489746094,299.75567626953125,0.9993933439254761,582.078857421875,296.0937194824219,0.9999412298202515,588.3789672851562,278.7335205078125,0.0023226256016641855
114,335.3289489746094,299.75567626953125,0.9994387030601501,582.078857421875,296.0937194824219,0.9999425411224365,588.3817138671875,278.7335205078125,0.002345490036532283
115,335.3289489746094,299.75567626953125,0.9994162321090698,582.078857421875,296.0937194824219,0.9999409914016724,588.3817138671875,278.7335205078125,0.002312714233994484
116,335.3289489746094,299.75567626953125,0.9994277358055115,582.0713500976562,296.1024475097656,0.999934196472168,588.3817138671875,278.72735595703125,0.002328223083168268
117,335.318359375,299.75567626953125,0.9994210004806519,582.0713500976562,296.1024475097656,0.9999344348907471,588.39404296875,278.72735595703125,0.0023367884568870068
118,335.318359375,299.85009765625,0.9994015693664551,582.0707397460938,296.1221618652344,0.9999409914016724,588.3817138671875,278.7129821777344,0.0023174546658992767
119,335.33856201171875,299.85009765625,0.9993877410888672,582.0713500976562,296.1221618652344,0.9999439716339111,588.3748168945312,278.72735595703125,0.0023376611061394215
120,335.3471374511719,299.8486022949219,0.9994117021560669,582.07421875,296.1221618652344,0.9999412298202515,588.39404296875,278.72735595703125,0.0023268444929271936
121,335.33856201171875,299.8486022949219,0.9994367957115173,582.0972290039062,296.1221618652344,0.9999338388442993,588.39404296875,278.722900390625,0.0023492989130318165
122,335.3515319824219,299.85009765625,0.9994094371795654,582.0972290039062,296.1221618652344,0.9999403953552246,588.3993530273438,278.722900390625,0.00233481265604496
123,335.3515319824219,299.8511047363281,0.9993993043899536,582.0972290039062,296.1019592285156,0.9999407529830933,588.439453125,298.95269775390625,0.002319992519915104
124,335.3469543457031,300.0843505859375,0.9993699193000793,582.01416015625,296.1019592285156,0.999941349029541,1022.0281982421875,422.60211181640625,0.0028632895555347204
125,335.3195495605469,300.0843505859375,0.9993896484375,582.01416015625,296.1019592285156,0.9999411106109619,1023.3016967773438,425.23095703125,0.004995475057512522
126,335.2979736328125,300.0843505859375,0.9993833303451538,582.01416015625,296.1019592285156,0.99993896484375,1025.0965576171875,436.1495361328125,0.01608441211283207
127,335.2969970703125,299.8842468261719,0.9993789196014404,582.01513671875,296.1050720214844,0.9999406337738037,1027.7042236328125,443.3991394042969,0.17830215394496918
128,335.2969970703125,299.8842468261719,0.999393105506897,582.01513671875,296.1905822753906,0.9999428987503052,1028.906982421875,446.2821044921875,0.4979868233203888
129,335.2969970703125,299.8842468261719,0.9993914365768433,582.01513671875,296.1905822753906,0.9999393224716187,1032.2271728515625,458.03948974609375,0.8636763095855713
130,335.2969970703125,299.8842468261719,0.9993884563446045,582.002197265625,296.1905822753906,0.9999366998672485,1034.2144775390625,458.28326416015625,0.926146388053894
131,335.2872009277344,299.8842468261719,0.9993736147880554,582.002197265625,296.1905822753906,0.9999394416809082,1035.9710693359375,458.28326416015625,0.7907866835594177
132,335.30682373046875,300.1294860839844,0.9993640780448914,581.9612426757812,296.1913146972656,0.9999438524246216,1039.0506591796875,458.28326416015625,0.7355051636695862
133,335.2872009277344,300.1294860839844,0.9993916749954224,581.9612426757812,296.1913146972656,0.9999443292617798,1041.2003173828125,458.28326416015625,0.4064773619174957
134,335.2872009277344,300.2117004394531,0.9993988275527954,582.002197265625,296.2178955078125,0.9999380111694336,1041.565673828125,459.6192932128906,0.217242032289505
135,335.2872009277344,300.2117004394531,0.999428927898407,582.0126953125,296.2178955078125,0.9999324083328247,1042.365234375,473.7193908691406,0.02873416431248188
136,335.30682373046875,300.2117004394531,0.9993804693222046,581.9805908203125,296.2178955078125,0.9999374151229858,1042.4044189453125,473.922119140625,0.06244524195790291
137,335.31646728515625,300.1622009277344,0.9993608593940735,581.9805908203125,296.163330078125,0.9999459981918335,1043.1568603515625,474.4250793457031,0.11536629498004913
138,335.31646728515625,300.1622009277344,0.9993515610694885,581.9805908203125,296.163330078125,0.9999454021453857,1043.8853759765625,475.10418701171875,0.07695113122463226
139,335.29083251953125,300.1622009277344,0.9993758797645569,581.9246826171875,296.163330078125,0.9999420642852783,1044.1400146484375,475.54827880859375,0.02410278096795082
140,335.31646728515625,300.1622009277344,0.999394416809082,581.8803100585938,296.163330078125,0.9999337196350098,1044.1400146484375,476.9597473144531,0.0063117798417806625
141,335.29083251953125,300.1622009277344,0.999382495880127,581.87841796875,296.163330078125,0.9999376535415649,1044.1400146484375,478.0528564453125,0.009491772390902042
142,335.28985595703125,300.1703796386719,0.9993472695350647,581.8765869140625,296.1614074707031,0.999944806098938,1043.89599609375,478.1809997558594,0.01620807871222496
143,335.28985595703125,300.1703796386719,0.999347984790802,581.8765869140625,296.1614074707031,0.999945878982544,1042.314208984375,480.274658203125,0.02365473285317421
144,335.2156677246094,300.1607971191406,0.9993845224380493,581.8438720703125,296.1522216796875,0.9999419450759888,1042.2093505859375,480.274658203125,0.020231718197464943
145,335.2156677246094,300.1607971191406,0.9994009733200073,581.8438720703125,296.1522216796875,0.999940037727356,1041.5574951171875,480.274658203125,0.03953728824853897
146,335.1844177246094,300.16259765625,0.9993914365768433,581.8186645507812,296.1522216796875,0.9999402761459351,1041.1007080078125,476.4573974609375,0.09531134366989136
147,335.1844177246094,300.16259765625,0.9993501305580139,581.7833862304688,296.1522216796875,0.9999423027038574,1039.3876953125,474.86614990234375,0.1245127022266388
148,335.1844177246094,300.16259765625,0.9993647933006287,581.7965698242188,296.1522216796875,0.999943733215332,1039.3876953125,472.0987548828125,0.12271915376186371
149,335.1131896972656,300.1977844238281,0.9993888139724731,581.7714233398438,296.1331481933594,0.9999390840530396,1039.3876953125,470.7548522949219,0.2028435468673706
150,335.1089172363281,300.1977844238281,0.9993951320648193,581.75,296.1331481933594,0.9999386072158813,1038.4547119140625,465.88580322265625,0.09866847097873688
151,335.10052490234375,300.1977844238281,0.9993906021118164,581.75,296.1802673339844,0.9999417066574097,1036.5985107421875,465.88580322265625,0.03205028548836708
152,335.0971984863281,300.19482421875,0.9993560910224915,581.7521362304688,296.1752624511719,0.9999432563781738,1029.5377197265625,465.88580322265625,0.3264748454093933
153,335.09417724609375,300.19482421875,0.9993957281112671,581.7379760742188,296.1752624511719,0.999942421913147,1027.412353515625,466.5335998535156,0.7604426145553589
154,335.09393310546875,300.19482421875,0.9994000196456909,581.6880493164062,296.1789245605469,0.9999407529830933,1025.315673828125,467.3846740722656,0.851834237575531
155,335.0183410644531,300.2066650390625,0.9993939399719238,581.6727294921875,296.1802673339844,0.999943733215332,1021.8294067382812,471.212158203125,0.18124692142009735
156,335.0122985839844,300.2257995605469,0.9993828535079956,581.6560668945312,296.20709228515625,0.9999414682388306,1019.773193359375,476.607177734375,0.3294540345668793
157,335.0122985839844,300.2257995605469,0.9993976354598999,581.6560668945312,296.20709228515625,0.9999394416809082,1018.7601928710938,476.6234130859375,0.01895921118557453
158,335.0122985839844,300.2066650390625,0.999395489692688,581.6560668945312,296.20709228515625,0.999940037727356,1013.9188842773438,478.5079345703125,0.14818167686462402
159,335.0574035644531,300.1482238769531,0.9993638396263123,581.6998901367188,296.1590270996094,0.9999434947967529,1013.443115234375,479.3318176269531,0.7391856908798218
160,335.0574035644531,300.1482238769531,0.9993811845779419,581.6998901367188,296.1590270996094,0.9999439716339111,1013.443115234375,482.0882568359375,0.9804760813713074
161,335.0574035644531,300.1482238769531,0.9993607401847839,581.6998901367188,296.1590270996094,0.9999432563781738,1008.39111328125,482.99041748046875,0.9985252022743225
162,335.07012939453125,300.1272277832031,0.9993993043899536,581.6538696289062,296.19659423828125,0.999937891960144,1005.9951782226562,489.15045166015625,0.9984795451164246
163,335.07012939453125,300.1272277832031,0.9994091987609863,581.6538696289062,296.19659423828125,0.9999383687973022,1001.5477905273438,489.7079772949219,0.9978165626525879
164,335.07012939453125,300.1272277832031,0.9993858337402344,581.6538696289062,296.19659423828125,0.999940037727356,997.5055541992188,491.0839538574219,0.9971439242362976
165,335.0793762207031,300.1272277832031,0.9993875026702881,581.7097778320312,296.19659423828125,0.9999418258666992,995.1615600585938,491.0839538574219,0.9963260293006897
166,335.0793762207031,300.1272277832031,0.9993723034858704,581.7097778320312,296.19659423828125,0.9999405145645142,992.9356079101562,491.0839538574219,0.9815523028373718
167,335.0793762207031,300.0894470214844,0.9994144439697266,581.7097778320312,296.153076171875,0.9999358654022217,991.8818359375,489.4480895996094,0.9238925576210022
168,335.0742492675781,300.0894470214844,0.999394416809082,581.7020874023438,296.153076171875,0.9999361038208008,991.8818359375,487.89288330078125,0.8678625226020813
169,335.05859375,300.0521545410156,0.9993963241577148,581.681884765625,296.2283935546875,0.9999408721923828,991.8818359375,485.5775146484375,0.9635733962059021
170,335.0531311035156,300.0521545410156,0.9993383288383484,581.681640625,296.2283935546875,0.9999439716339111,991.8818359375,482.0091857910156,0.9954368472099304
171,334.982177734375,300.0521545410156,0.9994016885757446,581.6511840820312,296.2283935546875,0.9999356269836426,991.8818359375,480.54107666015625,0.9949447512626648
172,334.982177734375,300.06280517578125,0.9994397759437561,581.6511840820312,296.2283935546875,0.9999324083328247,990.5928955078125,480.172607421875,0.9881108999252319
173,334.982177734375,300.06280517578125,0.9994082450866699,581.63818359375,296.2283935546875,0.9999336004257202,989.9359130859375,479.8450927734375,0.9904986023902893
174,334.982177734375,300.06280517578125,0.9993876218795776,581.6511840820312,296.21636962890625,0.9999372959136963,987.9959716796875,478.80194091796875,0.9914847016334534
175,334.982177734375,300.06280517578125,0.999381422996521,581.6511840820312,296.21636962890625,0.9999396800994873,986.8749389648438,478.65673828125,0.992186427116394
176,334.981201171875,300.06280517578125,0.9993991851806641,581.6472778320312,296.1815185546875,0.9999382495880127,984.6198120117188,478.65673828125,0.997026264667511
177,334.97650146484375,300.0568542480469,0.9994068145751953,581.6325073242188,296.1815185546875,0.999934196472168,983.2221069335938,478.65673828125,0.9992491602897644
178,334.97650146484375,300.0568542480469,0.9994264841079712,581.6403198242188,296.1815185546875,0.9999357461929321,982.3123168945312,478.8449401855469,0.9994033575057983
179,334.95703125,300.0727844238281,0.9993913173675537,581.6185913085938,296.1815185546875,0.9999394416809082,981.86865234375,479.85858154296875,0.9991798996925354
180,334.9485778808594,300.0727844238281,0.9993979930877686,581.6185913085938,296.1815185546875,0.9999375343322754,981.100830078125,480.3245849609375,0.9990899562835693
181,334.95703125,300.0805358886719,0.9994284510612488,581.6334838867188,296.1717834472656,0.9999362230300903,980.3057250976562,480.41473388671875,0.9993255138397217
182,334.9700927734375,300.0805358886719,0.9994352459907532,581.6403198242188,296.1717834472656,0.9999291896820068,979.649169921875,481.83111572265625,0.9994082450866699
183,334.9700927734375,300.0805358886719,0.9994096755981445,581.6390380859375,296.163330078125,0.9999357461929321,979.29345703125,482.7169494628906,0.9995977282524109
184,334.9700927734375,300.0805358886719,0.9993576407432556,581.6442260742188,296.163330078125,0.9999427795410156,978.711669921875,483.142333984375,0.9996490478515625
185,334.9700927734375,300.0805358886719,0.9993864297866821,581.6463623046875,296.163330078125,0.9999396800994873,978.6300659179688,483.78564453125,0.9997712969779968
186,335.0093688964844,300.04949951171875,0.9994188547134399,581.6927490234375,296.2091064453125,0.9999343156814575,978.5911254882812,484.5658264160156,0.9998165965080261
187,335.0369873046875,300.04949951171875,0.9994344115257263,581.6927490234375,296.2091064453125,0.9999313354492188,978.4644775390625,485.37237548828125,0.9998314380645752
188,334.9647521972656,300.04949951171875,0.999433696269989,581.6927490234375,296.2091064453125,0.9999363422393799,978.255615234375,485.6413879394531,0.9998137354850769
189,335.0369873046875,299.95831298828125,0.9993637204170227,581.7041625976562,296.1182861328125,0.9999393224716187,978.0341796875,486.09967041015625,0.9997685551643372
190,335.0587463378906,299.95831298828125,0.9994041919708252,581.7125854492188,296.1182861328125,0.9999376535415649,978.0341796875,486.2823181152344,0.9997410178184509
191,335.065673828125,299.95831298828125,0.9994118213653564,581.7113647460938,296.1182861328125,0.9999374151229858,977.82470703125,486.63897705078125,0.999721348285675
192,335.07952880859375,299.95831298828125,0.9994303584098816,581.7328491210938,296.1182861328125,0.9999343156814575,977.702880859375,486.63897705078125,0.9995193481445312
193,335.07952880859375,299.95831298828125,0.9994063377380371,581.7328491210938,296.1471252441406,0.9999332427978516,977.1370849609375,486.63897705078125,0.9987659454345703
194,335.07952880859375,299.93243408203125,0.9994052648544312,581.7113647460938,296.15777587890625,0.9999375343322754,970.8572998046875,484.8470458984375,0.9991125464439392
195,335.00091552734375,299.93243408203125,0.9994094371795654,581.6825561523438,296.15777587890625,0.999934196472168,969.03759765625,484.8470458984375,0.9995303153991699
196,335.00091552734375,299.9300842285156,0.9994053840637207,581.6825561523438,296.1471252441406,0.9999339580535889,968.4055786132812,484.8470458984375,0.9997357726097107
197,334.9971923828125,299.91986083984375,0.9994150400161743,581.6729125976562,296.1471252441406,0.9999349117279053,967.9083251953125,485.5710754394531,0.9997441172599792
198,334.979736328125,299.93243408203125,0.9994145631790161,581.651123046875,296.15777587890625,0.9999362230300903,966.2886962890625,485.6129455566406,0.9998911619186401
199,334.979736328125,299.91986083984375,0.9994045495986938,581.6475219726562,296.1553955078125,0.9999371767044067,964.468017578125,486.01104736328125,0.9999289512634277
200,334.932861328125,299.91986083984375,0.99943608045578,581.635009765625,296.1528015136719,0.9999305009841919,963.3528442382812,486.83685302734375,0.9999204874038696
201,334.9172668457031,299.9076843261719,0.9994059801101685,581.6251220703125,296.1553955078125,0.999934196472168,962.49658203125,488.2603759765625,0.9998244643211365
202,334.8977355957031,299.9251708984375,0.9993951320648193,581.580810546875,296.1759338378906,0.9999364614486694,961.1806030273438,489.0931701660156,0.9993902444839478
203,334.9053649902344,299.9251708984375,0.9994148015975952,581.580810546875,296.1759338378906,0.9999343156814575,959.9265747070312,489.1070251464844,0.9993178844451904
204,334.9053649902344,299.9251708984375,0.9994412064552307,581.580810546875,296.1759338378906,0.9999345541000366,958.0460205078125,489.54974365234375,0.9993457198143005
205,334.9053649902344,299.9237365722656,0.999432384967804,581.5833740234375,296.1759338378906,0.9999337196350098,956.6677856445312,489.54974365234375,0.9993534684181213
206,334.95941162109375,299.9237365722656,0.999416708946228,581.6175537109375,296.1587219238281,0.9999359846115112,955.033203125,489.7837219238281,0.9992314577102661
207,334.95941162109375,299.9237365722656,0.9994142055511475,581.6175537109375,296.1587219238281,0.999937891960144,953.3201293945312,490.1891174316406,0.9993137121200562
208,334.95941162109375,299.9237365722656,0.9993878602981567,581.6175537109375,296.1587219238281,0.9999369382858276,952.1532592773438,490.51348876953125,0.9997449517250061
209,334.9573974609375,299.9715270996094,0.9994364380836487,581.6175537109375,296.180908203125,0.9999328851699829,952.1532592773438,491.0845031738281,0.9998490810394287
210,334.9573974609375,299.9715270996094,0.9994385838508606,581.6175537109375,296.180908203125,0.9999326467514038,952.1532592773438,491.5666809082031,0.9998857975006104
211,334.9341735839844,299.9715270996094,0.9994069337844849,581.6038818359375,296.180908203125,0.9999370574951172,952.1309814453125,492.9493103027344,0.9998887777328491
212,334.9341735839844,299.9715270996094,0.999405026435852,581.6038818359375,296.180908203125,0.9999387264251709,952.1309814453125,494.2823181152344,0.9998713731765747
213,334.9443359375,299.9715270996094,0.9994125366210938,581.6038818359375,296.180908203125,0.9999375343322754,951.8018188476562,495.44073486328125,0.9998946189880371
214,334.9443359375,299.9316101074219,0.9994383454322815,581.6038818359375,296.12872314453125,0.9999349117279053,950.7337646484375,497.14923095703125,0.9999611377716064
215,334.9341735839844,299.9316101074219,0.999434769153595,581.6029663085938,296.12872314453125,0.9999361038208008,949.3129272460938,499.0,0.9999803304672241
216,334.92901611328125,299.91156005859375,0.9994208812713623,581.5971069335938,296.1644287109375,0.999937891960144,947.6046142578125,500.3899230957031,0.9999861717224121
217,334.92901611328125,299.91156005859375,0.9993829727172852,581.5971069335938,296.1644287109375,0.9999419450759888,945.5093994140625,502.0334167480469,0.9999762773513794
218,334.92529296875,299.91156005859375,0.9994175434112549,581.5971069335938,296.1644287109375,0.9999363422393799,943.7431030273438,503.7968444824219,0.9998894929885864
219,334.92529296875,299.89727783203125,0.9994516968727112,581.5971069335938,296.1644287109375,0.999932050704956,941.1923828125,504.866455078125,0.9997453093528748
220,334.92901611328125,299.89727783203125,0.9994660019874573,581.606689453125,296.1644287109375,0.9999333620071411,938.37646484375,505.9716796875,0.9995251893997192
221,334.95880126953125,299.8797912597656,0.9993879795074463,581.6123046875,296.11102294921875,0.9999397993087769,935.8082885742188,506.8990478515625,0.9998979568481445
222,334.97235107421875,299.8797912597656,0.9993436932563782,581.6431274414062,296.11102294921875,0.9999394416809082,932.1880493164062,507.1767272949219,0.9999706745147705
223,334.9881286621094,299.8797912597656,0.9994039535522461,581.64697265625,296.11102294921875,0.9999368190765381,927.0570068359375,508.4088134765625,0.9997852444648743
224,335.030517578125,299.87786865234375,0.9994156360626221,581.6480102539062,296.1212463378906,0.9999332427978516,921.0584106445312,509.824462890625,0.9998656511306763
225,334.9881286621094,299.87786865234375,0.9994192123413086,581.6533203125,296.1212463378906,0.9999333620071411,916.1633911132812,511.399658203125,0.9999523162841797
226,334.9902038574219,299.9115905761719,0.9993906021118164,581.6696166992188,296.13714599609375,0.9999371767044067,907.1487426757812,512.994140625,0.9999023675918579
227,335.0675354003906,299.9115905761719,0.9994136095046997,581.6957397460938,296.13714599609375,0.999937891960144,899.9351806640625,514.52734375,0.99998939037323
228,335.0616149902344,299.89825439453125,0.9994188547134399,581.6957397460938,296.1212463378906,0.9999370574951172,889.7282104492188,516.4376220703125,0.999913215637207
229,335.0527038574219,299.89825439453125,0.9994133710861206,581.6849975585938,296.111083984375,0.9999314546585083,877.941650390625,519.4661865234375,0.9997242093086243
230,335.0545349121094,299.89825439453125,0.9994151592254639,581.7098999023438,296.111083984375,0.9999362230300903,867.1294555664062,520.515625,0.9998908042907715
231,335.0545349121094,299.89825439453125,0.9993932247161865,581.7098999023438,296.111083984375,0.9999382495880127,855.1137084960938,522.931640625,0.9998698234558105
232,335.0545349121094,299.89825439453125,0.9994083642959595,581.7098999023438,296.111083984375,0.9999359846115112,845.9408569335938,523.5731811523438,0.9994138479232788
233,335.0545349121094,299.82366943359375,0.9994366765022278,581.717041015625,296.0904235839844,0.9999316930770874,836.7821655273438,523.5731811523438,0.9999115467071533
234,335.05975341796875,299.82366943359375,0.9994174242019653,581.7225952148438,296.0904235839844,0.9999303817749023,829.4549560546875,523.5731811523438,0.9995396137237549
235,335.0889892578125,299.82366943359375,0.9994219541549683,581.7296752929688,296.0769348144531,0.9999356269836426,822.2727661132812,522.4776611328125,0.9998810291290283
236,335.11871337890625,299.82366943359375,0.9993720650672913,581.7313842773438,295.98126220703125,0.9999396800994873,815.5632934570312,519.8646240234375,0.9995724558830261
237,335.1297912597656,299.73223876953125,0.9993973970413208,581.75048828125,295.96600341796875,0.9999376535415649,808.9069213867188,518.4356079101562,0.999859094619751
238,335.1297912597656,299.69775390625,0.9994261264801025,581.8287353515625,295.93206787109375,0.9999347925186157,804.1239013671875,517.0643920898438,0.9999840259552002
239,335.1297912597656,299.73223876953125,0.9994162321090698,581.8326416015625,295.9319763183594,0.9999359846115112,798.991943359375,515.4790649414062,0.999883770942688
240,335.12518310546875,299.7771911621094,0.9994004964828491,581.89208984375,295.8786926269531,0.9999382495880127,794.0626220703125,512.8811645507812,0.9998397827148438
241,335.0947265625,299.56463623046875,0.9994199275970459,581.899169921875,295.8254089355469,0.9999394416809082,790.484375,511.0166015625,0.9998947381973267
242,335.0947265625,299.6004333496094,0.9994239807128906,581.899169921875,295.8067626953125,0.9999427795410156,788.8489990234375,509.9550476074219,0.999944806098938
243,335.1080017089844,299.6754455566406,0.9994171857833862,581.9653930664062,295.65667724609375,0.9999439716339111,785.9346923828125,507.7520751953125,0.9998778104782104
244,335.12518310546875,299.6754455566406,0.9994251728057861,582.08203125,295.6416320800781,0.9999412298202515,784.0997924804688,505.4896545410156,0.9995049238204956
245,335.1174621582031,299.6754455566406,0.9993897676467896,582.1007080078125,295.5113830566406,0.9999456405639648,782.762939453125,503.4468078613281,0.999665379524231
246,335.1174621582031,299.72650146484375,0.9994096755981445,582.1189575195312,295.49951171875,0.9999455213546753,781.8544921875,502.23919677734375,0.9997850060462952
247,335.1174621582031,299.81536865234375,0.9994282126426697,582.132568359375,295.4664306640625,0.9999432563781738,780.9070434570312,501.7238464355469,0.9998341798782349
248,335.1155090332031,299.81536865234375,0.9994445443153381,582.1343994140625,295.4557189941406,0.9999434947967529,779.8330078125,501.451904296875,0.9998488426208496
249,335.1155090332031,299.81536865234375,0.99944669008255,582.1867065429688,295.4557189941406,0.9999439716339111,779.2425537109375,501.3237609863281,0.9998552799224854
250,335.1021728515625,299.7751159667969,0.9994136095046997,582.20263671875,295.34088134765625,0.9999464750289917,778.5863037109375,501.0013732910156,0.9998379945755005
251,335.06951904296875,299.6344909667969,0.9994229078292847,582.2545166015625,295.2941589355469,0.9999463558197021,777.761962890625,500.56976318359375,0.9997859597206116
252,335.06951904296875,299.6344909667969,0.9994446635246277,582.3306884765625,295.2793884277344,0.9999407529830933,777.0145874023438,499.821533203125,0.9998383522033691
253,335.1162414550781,299.6344909667969,0.9994542002677917,582.375244140625,295.2744445800781,0.9999428987503052,776.250732421875,499.1019592285156,0.9999064207077026
254,335.1063537597656,299.6344909667969,0.9994022846221924,582.3931884765625,295.1636962890625,0.999942421913147,775.11474609375,498.3997497558594,0.9999581575393677
255,335.1162414550781,299.7231750488281,0.9994064569473267,582.4208984375,295.1636962890625,0.9999436140060425,773.4293823242188,498.0426330566406,0.9999842643737793
256,335.1162414550781,299.7463073730469,0.9994274377822876,582.4966430664062,295.1179504394531,0.9999392032623291,771.7584228515625,497.95550537109375,0.9999891519546509
257,335.1162414550781,299.7463073730469,0.9994231462478638,582.5526733398438,295.09344482421875,0.9999370574951172,769.9854736328125,497.338623046875,0.999970555305481
258,335.1063537597656,299.7463073730469,0.9994321465492249,582.6180419921875,295.09344482421875,0.9999350309371948,767.3137817382812,496.9965515136719,0.9998384714126587
259,335.131103515625,299.7287902832031,0.9994257688522339,582.7278442382812,295.0350341796875,0.9999349117279053,763.8944702148438,496.7218322753906,0.9998016953468323
260,335.0922546386719,299.6893615722656,0.9994025230407715,582.7374877929688,295.0350341796875,0.999936580657959,761.0857543945312,496.4547424316406,0.9996861219406128
261,335.0922546386719,299.4999084472656,0.9994267225265503,582.8394165039062,295.0350341796875,0.9999291896820068,757.5613403320312,496.4547424316406,0.9999628067016602
262,335.07830810546875,299.4955749511719,0.9994394183158875,582.9445190429688,295.041748046875,0.9999219179153442,751.5845947265625,496.4547424316406,0.9997968077659607
263,335.07830810546875,299.496337890625,0.9994258880615234,582.9445190429688,295.1780700683594,0.9999148845672607,745.5225219726562,496.80084228515625,0.999788224697113
264,335.07830810546875,299.4955749511719,0.999423623085022,582.9445190429688,295.273193359375,0.9999103546142578,738.4485473632812,496.9066162109375,0.9999648332595825
265,335.07830810546875,299.4896240234375,0.999440610408783,582.9374389648438,295.4998474121094,0.9999067783355713,730.6177368164062,499.47119140625,0.9998182654380798
266,335.10882568359375,299.4434814453125,0.9994545578956604,582.9012451171875,295.5602722167969,0.999904990196228,722.9804077148438,501.23907470703125,0.9999656677246094
267,335.10882568359375,299.4434814453125,0.9994363188743591,582.823974609375,295.5602722167969,0.9999066591262817,713.1602783203125,502.96490478515625,0.9997195601463318
268,335.10882568359375,299.4374694824219,0.9994576573371887,582.7503051757812,295.5602722167969,0.9999082088470459,704.0296020507812,503.5740966796875,0.9998865127563477
269,335.1429748535156,299.4374694824219,0.9994403719902039,582.5599365234375,295.4283142089844,0.999913215637207,695.3168334960938,504.1708679199219,0.999870777130127
270,335.09149169921875,299.4163818359375,0.9994400143623352,582.4820556640625,295.4283142089844,0.9999130964279175,685.547607421875,505.1171875,0.999593198299408
271,335.076904296875,299.4374694824219,0.9994947910308838,582.4003295898438,295.4283142089844,0.9999134540557861,676.1365356445312,505.1171875,0.9999531507492065
272,335.063720703125,299.4598388671875,0.9994608759880066,582.3057861328125,295.5700378417969,0.9999181032180786,668.74462890625,505.1171875,0.9994619488716125
273,335.0531921386719,299.5740051269531,0.9994590878486633,582.2112426757812,295.5700378417969,0.9999257326126099,662.126708984375,504.5535888671875,0.9998959302902222
274,335.04339599609375,299.5793151855469,0.9994534850120544,582.2034912109375,295.5700378417969,0.999932050704956,655.25830078125,503.5458984375,0.9997804760932922
275,335.0427551269531,299.5793151855469,0.9994640946388245,582.1754760742188,295.52740478515625,0.9999386072158813,649.0821533203125,503.253173828125,0.9996668100357056
276,335.0247497558594,299.5793151855469,0.9994543194770813,582.1754760742188,295.4071350097656,0.9999431371688843,643.0654907226562,501.70654296875,0.9999755620956421
277,335.0247497558594,299.6012878417969,0.9994344115257263,582.203857421875,295.25762939453125,0.999947190284729,638.7239990234375,500.9042663574219,0.9998732805252075
278,335.0023498535156,299.6012878417969,0.9994321465492249,582.203857421875,294.9635009765625,0.9999480247497559,634.2119140625,499.15264892578125,0.9998764991760254
279,334.9559326171875,299.55828857421875,0.9994745850563049,582.2698364257812,294.8471374511719,0.9999438524246216,631.5162963867188,497.98590087890625,0.9999455213546753
280,334.9559326171875,299.5885009765625,0.999496579170227,582.2794189453125,294.7839660644531,0.9999405145645142,628.1985473632812,497.8182067871094,0.9999740123748779
281,335.0023498535156,299.5885009765625,0.9994888305664062,582.3568725585938,294.69366455078125,0.9999405145645142,625.5906372070312,497.7089538574219,0.9999654293060303
282,335.0346984863281,299.48541259765625,0.9994761347770691,582.4285888671875,294.49737548828125,0.9999358654022217,623.7896728515625,497.7089538574219,0.9999085664749146
283,335.0416259765625,299.4470520019531,0.9994215965270996,582.4524536132812,294.4148864746094,0.9999394416809082,621.2180786132812,496.0380554199219,0.9998168349266052
284,335.0416259765625,299.4470520019531,0.9994662404060364,582.5040283203125,294.4148864746094,0.9999394416809082,618.8228759765625,495.7409973144531,0.9997192025184631
285,335.04718017578125,299.4087219238281,0.999494194984436,582.5231323242188,294.3868713378906,0.9999368190765381,617.2620849609375,495.7409973144531,0.9995396137237549
286,335.10601806640625,299.4087219238281,0.999508261680603,582.5543212890625,294.3635559082031,0.999940037727356,615.4647216796875,495.7409973144531,0.9998413324356079
287,335.1346130371094,299.4087219238281,0.9994762539863586,582.5689697265625,294.2591247558594,0.9999405145645142,613.3946533203125,495.7409973144531,0.9999356269836426
288,335.1346130371094,299.3890380859375,0.9994733929634094,582.5689697265625,294.17633056640625,0.9999380111694336,611.9371948242188,495.7409973144531,0.9999542236328125
289,335.1554260253906,299.3890380859375,0.9994908571243286,582.6297607421875,294.1662292480469,0.9999356269836426,611.046875,495.1698303222656,0.9999344348907471
290,335.1689758300781,299.3121643066406,0.9995095729827881,582.6962280273438,294.12591552734375,0.9999303817749023,608.3663940429688,494.6537780761719,0.9998531341552734
291,335.1689758300781,299.3121643066406,0.999492883682251,582.6962280273438,294.109130859375,0.9999312162399292,605.2308959960938,494.6537780761719,0.9996113181114197
292,335.1554260253906,299.3121643066406,0.9995086193084717,582.6978759765625,294.01605224609375,0.9999281167984009,602.0306396484375,494.6537780761719,0.999672532081604
293,335.1554260253906,299.2339782714844,0.9994612336158752,582.74072265625,293.8107604980469,0.9999265670776367,599.5886840820312,495.2537841796875,0.9997655749320984
294,335.15814208984375,299.2339782714844,0.9994552731513977,582.7815551757812,293.8107604980469,0.9999227523803711,597.198974609375,495.4862976074219,0.9999253749847412
295,335.15814208984375,299.1549987792969,0.9994716048240662,582.9134521484375,293.8047790527344,0.9999164342880249,593.6591796875,495.724365234375,0.9998488426208496
296,335.22149658203125,299.1549987792969,0.9994789958000183,582.9232177734375,293.78021240234375,0.9999195337295532,588.9266967773438,495.9937744140625,0.9996881484985352
297,335.3694152832031,299.1286926269531,0.9993846416473389,582.945068359375,293.729736328125,0.99991774559021,584.5286254882812,496.3559265136719,0.999699592590332
298,335.4020690917969,298.5438232421875,0.9992774128913879,583.0463256835938,293.69390869140625,0.9999209642410278,580.5812377929688,497.2275695800781,0.9999604225158691
299,335.4333801269531,298.00555419921875,0.9992260932922363,583.1646728515625,293.6820068359375,0.9999169111251831,575.103515625,497.90692138671875,0.9997664093971252
300,335.4344177246094,297.92645263671875,0.9992678761482239,583.2456665039062,293.6662292480469,0.9999102354049683,568.7918701171875,499.5079040527344,0.9998549222946167
301,335.4344177246094,297.8967590332031,0.9993690848350525,583.2954711914062,293.6662292480469,0.9998974800109863,563.4590454101562,501.7683410644531,0.9999575614929199
302,335.4958801269531,297.7945556640625,0.9994211196899414,583.3158569335938,293.6662292480469,0.9998937845230103,556.6620483398438,503.2823486328125,0.9997194409370422
303,335.5076904296875,297.7359619140625,0.9995079040527344,583.3184814453125,293.7008972167969,0.9998910427093506,548.9693603515625,506.06243896484375,0.9998772144317627
304,335.587646484375,297.579833984375,0.9995643496513367,583.34912109375,293.7081298828125,0.9999009370803833,541.7075805664062,507.7422790527344,0.9993935823440552
305,335.6429748535156,297.55328369140625,0.9996269941329956,583.3184814453125,293.7659606933594,0.9999052286148071,533.8760986328125,508.6502990722656,0.9999427795410156
306,335.6702575683594,297.55328369140625,0.9996125102043152,583.3184814453125,293.92626953125,0.9999141693115234,526.5076293945312,508.6502990722656,0.999401330947876
307,335.69635009765625,297.55328369140625,0.999596893787384,583.2698364257812,293.9858703613281,0.9999256134033203,519.0474853515625,508.7596740722656,0.9999213218688965
308,335.976806640625,298.2950134277344,0.9996114373207092,583.256103515625,294.05828857421875,0.9999294281005859,513.48828125,508.7596740722656,0.9999053478240967
309,336.1029052734375,298.4200134277344,0.9996057152748108,583.2379150390625,294.123291015625,0.9999340772628784,508.23455810546875,508.4284973144531,0.9990328550338745
310,336.2116394042969,298.72705078125,0.9996440410614014,583.2251586914062,294.1371765136719,0.999937891960144,501.504638671875,507.7323303222656,0.9999412298202515
311,336.3547668457031,299.0043640136719,0.9996639490127563,583.1915283203125,294.1971130371094,0.9999418258666992,496.140625,505.9770202636719,0.9997925162315369
312,336.5278625488281,299.4164123535156,0.9997304081916809,583.1909790039062,294.1971130371094,0.9999439716339111,491.7715148925781,504.8680725097656,0.9995833039283752
313,336.54339599609375,299.4164123535156,0.9997557997703552,583.1915283203125,294.1971130371094,0.9999459981918335,486.6826477050781,503.8639221191406,0.9999184608459473
314,336.57415771484375,299.4164123535156,0.9997825026512146,583.2251586914062,294.1689453125,0.9999485015869141,481.38134765625,502.4888610839844,0.9999586343765259
315,336.6295166015625,299.2099609375,0.999800980091095,583.1837158203125,294.1689453125,0.9999489784240723,478.1552734375,500.3925476074219,0.9999126195907593
316,336.6295166015625,299.0356140136719,0.9998180270195007,583.220947265625,294.1689453125,0.9999501705169678,474.23095703125,498.24749755859375,0.9998471736907959
317,336.6295166015625,298.9024658203125,0.9998138546943665,583.220947265625,294.1825866699219,0.9999516010284424,471.078369140625,497.20880126953125,0.9999663829803467
318,336.5574645996094,298.4720764160156,0.9998089671134949,583.2147216796875,294.1825866699219,0.9999512434005737,467.7889099121094,495.9183654785156,0.9999418258666992
319,336.4613952636719,297.83599853515625,0.9997499585151672,583.1965942382812,294.1825866699219,0.9999521970748901,466.7087707519531,494.7751159667969,0.9998579025268555
320,336.32379150390625,297.33612060546875,0.9996703863143921,583.2147216796875,294.0807800292969,0.9999544620513916,465.5065612792969,493.63970947265625,0.9997863173484802
321,336.2948913574219,297.1824035644531,0.9996108412742615,583.2147216796875,294.0807800292969,0.9999542236328125,464.0965576171875,492.4491882324219,0.9996312856674194
322,336.2685852050781,297.17376708984375,0.9995920062065125,583.21435546875,294.0807800292969,0.9999492168426514,463.51275634765625,491.72021484375,0.9994007349014282
323,336.2486877441406,297.13818359375,0.9995630383491516,583.2252197265625,294.02728271484375,0.9999476671218872,462.83935546875,490.96417236328125,0.9990172386169434
324,336.14312744140625,297.13818359375,0.999505877494812,583.2495727539062,294.02728271484375,0.9999508857727051,462.16668701171875,490.48309326171875,0.998432457447052
325,336.13983154296875,297.0440673828125,0.9994945526123047,583.2252197265625,293.9735107421875,0.9999492168426514,461.5271301269531,490.4705505371094,0.9984689354896545
326,336.13983154296875,297.0440673828125,0.9994884729385376,583.21435546875,293.9735107421875,0.9999483823776245,461.3441162109375,490.30352783203125,0.99885094165802
327,336.13983154296875,296.98822021484375,0.999432384967804,583.2252197265625,293.9652099609375,0.9999487400054932,461.0545654296875,490.30352783203125,0.9985836744308472
328,335.8769836425781,296.98822021484375,0.9994857311248779,583.21533203125,293.96258544921875,0.9999489784240723,460.8525390625,490.30352783203125,0.9987006187438965
329,335.81585693359375,296.98822021484375,0.9994292855262756,583.21533203125,293.95867919921875,0.9999499320983887,459.4911804199219,490.4048156738281,0.9985128045082092
330,335.814697265625,296.98822021484375,0.9994490742683411,583.220458984375,293.9261169433594,0.9999498128890991,457.28411865234375,490.4048156738281,0.998487114906311
331,335.5628662109375,296.98822021484375,0.999386191368103,583.220458984375,293.9261169433594,0.999950647354126,456.0457763671875,490.4048156738281,0.9992431402206421
332,335.49310302734375,296.9848327636719,0.9993634819984436,583.21533203125,293.8874206542969,0.999950647354126,454.5611877441406,490.1464538574219,0.9995740056037903
333,335.4928283691406,296.9848327636719,0.9993041753768921,583.21435546875,293.8874206542969,0.9999489784240723,453.3350830078125,489.1383056640625,0.9997355341911316
334,335.4928283691406,296.9848327636719,0.9993645548820496,583.2034912109375,293.90948486328125,0.9999520778656006,452.0519714355469,488.939697265625,0.9998511075973511
335,335.4928283691406,296.9848327636719,0.9993746876716614,583.1663208007812,293.90948486328125,0.9999524354934692,450.29248046875,488.939697265625,0.9997891783714294
336,335.4889831542969,296.9848327636719,0.9993651509284973,583.12841796875,293.90948486328125,0.9999557733535767,448.0384826660156,488.939697265625,0.999472439289093
337,335.51556396484375,296.99755859375,0.999281108379364,583.0703735351562,294.0635070800781,0.9999626874923706,443.7911376953125,489.6243896484375,0.9987635612487793
338,335.53277587890625,297.0019226074219,0.9993070363998413,582.976318359375,294.080078125,0.9999641180038452,439.4549560546875,490.1898498535156,0.999678373336792
339,335.861572265625,297.01812744140625,0.9993738532066345,582.8190307617188,294.11199951171875,0.9999688863754272,435.81884765625,492.5045166015625,0.9999067783355713
340,336.09515380859375,297.3124084472656,0.9994717240333557,582.7142944335938,294.1458435058594,0.9999675750732422,431.0692443847656,494.4459533691406,0.9996223449707031
341,336.1480407714844,297.63226318359375,0.9995997548103333,582.55908203125,294.2782287597656,0.9999662637710571,425.2082824707031,495.19940185546875,0.9988459348678589
342,336.1774597167969,298.06298828125,0.9997382760047913,582.4216918945312,294.4496765136719,0.9999618530273438,419.5426330566406,497.2317199707031,0.9999420642852783
343,336.1774597167969,298.2900390625,0.9997671246528625,582.3029174804688,294.5703430175781,0.9999556541442871,414.3353271484375,498.91888427734375,0.9998435974121094
344,336.1774597167969,298.2967834472656,0.9997792840003967,582.1092529296875,294.6362609863281,0.9999481439590454,410.0348205566406,499.2705383300781,0.9997052550315857
345,336.1246337890625,298.3206787109375,0.9997830986976624,581.9957275390625,294.6651306152344,0.9999434947967529,405.6100769042969,499.6897888183594,0.9999756813049316
346,336.03045654296875,298.570556640625,0.9997816681861877,581.8400268554688,294.7072448730469,0.9999393224716187,400.3255920410156,500.0245056152344,0.9999663829803467
347,335.8232421875,298.854736328125,0.999761164188385,581.70361328125,294.7072448730469,0.9999337196350098,394.3654479980469,500.0345153808594,0.9998084902763367
348,335.63079833984375,298.93170166015625,0.9996775388717651,581.5534057617188,294.7072448730469,0.9999288320541382,390.1903076171875,500.5299072265625,0.9999778270721436
349,335.57537841796875,298.9498596191406,0.9996160268783569,581.5125122070312,294.7072448730469,0.9999244213104248,384.3543395996094,500.8347473144531,0.9999576807022095
350,335.5331115722656,299.0871276855469,0.9995748400688171,581.4036865234375,294.6656188964844,0.9999161958694458,378.3170471191406,500.8347473144531,0.99986732006073
351,335.5331115722656,299.0871276855469,0.9995966553688049,581.3264770507812,294.6518249511719,0.9999160766601562,373.5183410644531,500.8155212402344,0.9999885559082031
352,335.5331115722656,299.0871276855469,0.9995768666267395,581.3264770507812,294.6518249511719,0.9999184608459473,369.2717590332031,500.5299072265625,0.9999767541885376
353,335.516357421875,299.2371826171875,0.999574601650238,581.2969970703125,294.4188537597656,0.9999198913574219,364.6934509277344,500.4203796386719,0.9998819828033447
354,335.5734558105469,299.2371826171875,0.9995620846748352,581.3087768554688,294.38629150390625,0.9999170303344727,359.26043701171875,500.1645202636719,0.9999691247940063
355,335.5734558105469,299.2568664550781,0.9995816349983215,581.319580078125,294.3782958984375,0.9999145269393921,355.8592529296875,499.9459228515625,0.9999901056289673
356,335.5506896972656,299.2568664550781,0.9996551275253296,581.3087768554688,294.36083984375,0.9999103546142578,351.1812438964844,499.00482177734375,0.9999350309371948
357,335.5506896972656,299.263671875,0.999659538269043,581.3087768554688,294.2129211425781,0.9999045133590698,346.5671691894531,498.2534484863281,0.9998111128807068
358,335.5734558105469,299.3248596191406,0.9996501207351685,581.319580078125,294.09747314453125,0.9999023675918579,341.98065185546875,497.5086669921875,0.9999637603759766
359,335.6355895996094,299.3248596191406,0.9996963739395142,581.3630981445312,294.0098571777344,0.9999092817306519,338.3038024902344,496.40869140625,0.9999420642852783
360,335.6355895996094,299.3248596191406,0.9996850490570068,581.3630981445312,293.9652404785156,0.9999103546142578,336.010009765625,495.40496826171875,0.9996826648712158
361,335.64764404296875,299.3248596191406,0.9996858835220337,581.3630981445312,293.94793701171875,0.9999117851257324,332.98126220703125,493.4776916503906,0.9988294243812561
362,335.64764404296875,299.3558349609375,0.9996925592422485,581.3473510742188,293.944580078125,0.9999094009399414,330.0766296386719,492.5352783203125,0.9990115165710449
363,335.62774658203125,299.35943603515625,0.9997060894966125,581.3063354492188,293.8410949707031,0.9999111890792847,327.7040100097656,491.0635986328125,0.9997678399085999
364,335.59130859375,299.35943603515625,0.9997146725654602,581.2940673828125,293.8410949707031,0.9999070167541504,326.2696838378906,490.357177734375,0.9998749494552612
365,335.62774658203125,299.4071960449219,0.9996867179870605,581.2852783203125,293.8219299316406,0.9999091625213623,324.9945983886719,489.95550537109375,0.9998751878738403
366,335.6241455078125,299.4071960449219,0.9997022747993469,581.2803955078125,293.8098449707031,0.9999089241027832,323.0924377441406,488.4609069824219,0.9999063014984131
367,335.5509338378906,299.4554748535156,0.9996987581253052,581.2652587890625,293.8229064941406,0.9999035596847534,322.1964111328125,487.6271057128906,0.9999192953109741
368,335.5509338378906,299.4554748535156,0.999695897102356,581.2652587890625,293.80023193359375,0.999907374382019,321.6407165527344,487.29620361328125,0.9999264478683472
369,335.5509338378906,299.4521789550781,0.9997058510780334,581.2680053710938,293.80023193359375,0.9999129772186279,321.02203369140625,487.2062683105469,0.9998959302902222
370,335.4487609863281,299.4521789550781,0.9997028708457947,581.2412719726562,293.80023193359375,0.9999170303344727,320.5192565917969,487.20440673828125,0.9998629093170166
371,335.4259948730469,299.4521789550781,0.9996802806854248,581.2412719726562,293.80023193359375,0.9999172687530518,320.0346374511719,486.870849609375,0.9998387098312378
372,335.4259948730469,299.4521789550781,0.9996681213378906,581.2412719726562,293.80023193359375,0.9999213218688965,319.8179626464844,486.85870361328125,0.9998149275779724
373,335.424072265625,299.4521789550781,0.9996776580810547,581.2412719726562,293.81781005859375,0.999920129776001,319.5296325683594,486.5079040527344,0.999786913394928
374,335.4259948730469,299.46612548828125,0.9996964931488037,581.2389526367188,293.9119567871094,0.9999203681945801,319.0992431640625,486.2367858886719,0.9997400641441345
375,335.4383850097656,299.46612548828125,0.9996961355209351,581.2144775390625,293.9119567871094,0.9999294281005859,318.96343994140625,485.92633056640625,0.9997137188911438
376,335.4518127441406,299.4912109375,0.99968421459198,581.2074584960938,293.9142761230469,0.9999299049377441,318.9366760253906,485.80084228515625,0.9997343420982361
377,335.4518127441406,299.4912109375,0.9996823072433472,581.205078125,293.9439392089844,0.9999316930770874,318.7998352050781,485.7009582519531,0.9996775388717651
378,335.4753112792969,299.4912109375,0.9996815919876099,581.205078125,293.979248046875,0.9999321699142456,318.6788024902344,485.7009582519531,0.9996649026870728
379,335.49176025390625,299.4912109375,0.9996834993362427,581.154296875,293.979248046875,0.9999349117279053,318.6739196777344,485.7009582519531,0.9996182918548584
380,335.49176025390625,299.4912109375,0.9996931552886963,581.1471557617188,293.979248046875,0.999936580657959,318.40350341796875,486.2558288574219,0.9996689558029175
381,335.49176025390625,299.5365905761719,0.9996836185455322,581.1471557617188,294.0742492675781,0.9999334812164307,317.8114318847656,486.4276123046875,0.9997199177742004
382,335.49176025390625,299.5365905761719,0.9996644258499146,581.154296875,294.0742492675781,0.9999347925186157,317.0052490234375,486.4289855957031,0.9997250437736511
383,335.4717102050781,299.54071044921875,0.9996591806411743,581.1646118164062,294.18988037109375,0.9999358654022217,315.331787109375,486.4289855957031,0.9997007846832275
384,335.36651611328125,299.54071044921875,0.9996260404586792,581.1847534179688,294.18988037109375,0.9999405145645142,313.505615234375,486.4729919433594,0.9996980428695679
385,335.36651611328125,299.54071044921875,0.9995601773262024,581.214599609375,294.2309265136719,0.9999403953552246,311.3811950683594,486.55474853515625,0.9998356103897095
386,335.36651611328125,299.2093505859375,0.9994927644729614,581.27685546875,294.2920837402344,0.9999436140060425,309.2093200683594,487.5286560058594,0.999932050704956
387,335.36895751953125,299.1775817871094,0.9995019435882568,581.27685546875,294.2920837402344,0.9999411106109619,307.37322998046875,488.1723327636719,0.9999092817306519
388,335.36895751953125,299.0171813964844,0.9994582533836365,581.27685546875,294.2309265136719,0.9999438524246216,302.623779296875,488.74334716796875,0.9990537762641907
389,335.36895751953125,298.9909973144531,0.9993626475334167,581.2080688476562,294.2309265136719,0.9999438524246216,297.3479919433594,491.0040588378906,0.9981415271759033
390,335.0271911621094,298.9909973144531,0.999293327331543,581.1315307617188,294.22821044921875,0.9999374151229858,294.01580810546875,493.77294921875,0.9997592568397522
391,334.7021484375,298.9909973144531,0.9992077946662903,581.1280517578125,294.22821044921875,0.9999351501464844,289.14337158203125,494.83270263671875,0.9996684789657593
392,334.56085205078125,299.0352783203125,0.9991952776908875,581.1280517578125,294.22821044921875,0.9999336004257202,283.7633972167969,496.3495788574219,0.9992996454238892
393,334.3377685546875,299.0566101074219,0.9991528987884521,581.1315307617188,294.4322204589844,0.9999345541000366,277.1578063964844,496.6248474121094,0.9998974800109863
394,334.3023986816406,299.0566101074219,0.9991125464439392,581.1467895507812,294.58856201171875,0.9999403953552246,270.6899719238281,497.4668884277344,0.9986464381217957
395,334.1494445800781,299.0566101074219,0.9990962743759155,581.1685180664062,294.6311950683594,0.9999480247497559,260.8618469238281,497.71759033203125,0.9998753070831299
396,334.1494445800781,298.9653625488281,0.9990680813789368,581.1915893554688,294.6389465332031,0.9999476671218872,255.78610229492188,498.2984619140625,0.9996936321258545
397,334.1494445800781,298.9123840332031,0.9991263747215271,581.2340087890625,294.6389465332031,0.9999488592147827,248.09274291992188,498.6783447265625,0.9998078942298889
398,334.230712890625,298.91180419921875,0.9991703033447266,581.446533203125,294.6311950683594,0.9999388456344604,241.84812927246094,498.8742980957031,0.9999538660049438
399,334.3010559082031,298.8847961425781,0.9991772770881653,581.7090454101562,294.44940185546875,0.9999362230300903,235.68179321289062,500.0592346191406,0.9993224143981934
400,334.3010559082031,298.8847961425781,0.9991795420646667,581.9827270507812,294.44940185546875,0.9999405145645142,227.09268188476562,500.7845458984375,0.9999785423278809
401,334.3010559082031,298.8847961425781,0.9992021918296814,582.2285766601562,294.44940185546875,0.9999328851699829,220.0814208984375,501.4352722167969,0.9998340606689453
402,334.2662353515625,299.03179931640625,0.9991890788078308,582.383056640625,294.5314025878906,0.9999243021011353,212.69757080078125,502.74652099609375,0.9999778270721436
403,334.2662353515625,299.03179931640625,0.9991995692253113,582.5123901367188,294.5314025878906,0.999924898147583,206.5131072998047,502.95416259765625,0.9999122619628906
404,334.2662353515625,299.03179931640625,0.9991372227668762,582.5155639648438,294.5571594238281,0.9999253749847412,199.83428955078125,503.2905578613281,0.9999066591262817
405,334.4614562988281,299.00262451171875,0.9990092515945435,582.5155639648438,294.6413269042969,0.9999303817749023,194.79176330566406,503.543212890625,0.9999799728393555
406,334.5367431640625,299.00262451171875,0.9989942908287048,582.531982421875,294.76593017578125,0.9999380111694336,188.49742126464844,503.543212890625,0.9999350309371948
407,334.5768737792969,298.99908447265625,0.999035120010376,582.5660400390625,294.858642578125,0.9999428987503052,183.68310546875,503.2905578613281,0.9999208450317383
408,334.6649475097656,298.99908447265625,0.9990672469139099,582.5685424804688,295.0352783203125,0.9999395608901978,179.24688720703125,502.94146728515625,0.9999837875366211
409,334.7033386230469,298.99908447265625,0.9990301132202148,582.656005859375,295.2967834472656,0.9999371767044067,175.22630310058594,502.6649169921875,0.9999409914016724
410,334.7572326660156,298.8691711425781,0.998986542224884,582.7469482421875,295.5183410644531,0.9999309778213501,171.18211364746094,501.8849792480469,0.9999262094497681
411,334.7923278808594,298.8691711425781,0.9989584684371948,582.8468017578125,295.8055725097656,0.999923825263977,167.22084045410156,501.70330810546875,0.9999589920043945
412,334.7978210449219,298.8691711425781,0.9989966750144958,582.9029541015625,295.97869873046875,0.9999223947525024,164.85040283203125,501.64501953125,0.9999833106994629
413,334.8150329589844,298.8691711425781,0.9990491271018982,582.9082641601562,296.1368408203125,0.9999212026596069,163.199951171875,501.593017578125,0.9999871253967285
414,334.8247985839844,298.8691711425781,0.9989809393882751,582.9732666015625,296.1549987792969,0.9999165534973145,161.49356079101562,501.64501953125,0.9999836683273315
415,334.8247985839844,298.8607482910156,0.9989898800849915,582.9732666015625,296.1884765625,0.9998921155929565,159.9941864013672,501.64501953125,0.9999703168869019
416,334.8247985839844,298.8607482910156,0.9989627599716187,582.9732666015625,296.4587707519531,0.9998414516448975,157.98904418945312,501.8161926269531,0.9998804330825806
417,334.8470458984375,298.84014892578125,0.999016284942627,582.9268798828125,296.4587707519531,0.99981290102005,157.38107299804688,502.87982177734375,0.9998134970664978
418,334.8544616699219,298.8607482910156,0.9990481734275818,582.9152221679688,296.4587707519531,0.9997606873512268,154.97219848632812,503.958251953125,0.9997852444648743
419,334.8677062988281,298.9178161621094,0.9990400671958923,582.8329467773438,296.37139892578125,0.9997690320014954,152.86065673828125,504.077392578125,0.9997391104698181
420,334.90997314453125,298.9178161621094,0.9990377426147461,582.8329467773438,296.28143310546875,0.9997633099555969,150.81466674804688,504.6166687011719,0.9998028874397278
421,334.9328308105469,298.85125732421875,0.9990812540054321,582.8187255859375,296.2635803222656,0.999721348285675,149.62551879882812,505.5418701171875,0.9998538494110107
422,334.90997314453125,298.8982849121094,0.9990712404251099,582.8179321289062,296.2467346191406,0.9996575117111206,147.67005920410156,506.40216064453125,0.999883770942688
423,334.8677062988281,298.8982849121094,0.999160647392273,582.77490234375,296.1675720214844,0.999663233757019,144.9330596923828,507.80682373046875,0.9998366832733154
424,334.92584228515625,298.8982849121094,0.9991638660430908,582.7210693359375,295.9820556640625,0.9996881484985352,143.6598663330078,510.9884948730469,0.9994434714317322
425,334.92584228515625,298.9350891113281,0.9992412328720093,582.7210693359375,295.8954162597656,0.9996713399887085,142.11155700683594,512.461181640625,0.9994964599609375
426,334.92584228515625,298.9350891113281,0.9992861151695251,582.7210693359375,295.705322265625,0.9996600151062012,138.43016052246094,514.923095703125,0.9998087286949158
427,335.03729248046875,298.9689025878906,0.9993288516998291,582.7516479492188,295.56756591796875,0.9996974468231201,136.33071899414062,517.54150390625,0.9997783303260803
428,335.04779052734375,298.9689025878906,0.9993139505386353,582.7562866210938,295.5467529296875,0.9997449517250061,133.86947631835938,520.89306640625,0.9997654557228088
429,335.0813903808594,298.9991455078125,0.9993784427642822,582.8587036132812,295.4022521972656,0.9995354413986206,131.29737854003906,524.9957275390625,0.999578058719635
430,335.11328125,298.9991455078125,0.9994695782661438,582.9810791015625,295.31536865234375,0.9996128678321838,129.5081329345703,530.1707763671875,0.9996899366378784
431,335.11883544921875,298.9991455078125,0.9994441866874695,583.038330078125,295.1250915527344,0.9995923638343811,126.16020202636719,533.7526245117188,0.9987069368362427
432,335.2120056152344,298.9991455078125,0.9995176792144775,583.0602416992188,295.02984619140625,0.9993399977684021,119.88468933105469,536.9423828125,0.9979873895645142
433,335.2120056152344,298.9991455078125,0.999516487121582,583.2314453125,294.9189147949219,0.9994888305664062,115.90553283691406,541.012939453125,0.999646782875061
434,335.2120056152344,299.15509033203125,0.9995782971382141,583.2314453125,294.8369445800781,0.9995693564414978,113.3721694946289,545.5968627929688,0.9998981952667236
435,335.2730712890625,299.15509033203125,0.999582827091217,583.2314453125,294.8197937011719,0.9997671246528625,108.69353485107422,548.265625,0.9995774626731873
436,335.2531433105469,299.15509033203125,0.9995575547218323,582.950927734375,294.9176330566406,0.9998836517333984,106.41197204589844,552.6295776367188,0.9986075758934021
437,335.2531433105469,299.0291442871094,0.9995322227478027,582.2979736328125,294.9176330566406,0.9999159574508667,102.6457290649414,558.8045043945312,0.9991897940635681
438,335.26275634765625,299.0291442871094,0.9995310306549072,582.2979736328125,294.9176330566406,0.999963641166687,99.23423767089844,562.5399169921875,0.9999418258666992
439,335.26275634765625,299.0291442871094,0.9995633959770203,582.0499267578125,294.9176330566406,0.999862551689148,96.24929809570312,566.7615356445312,0.9999001026153564
440,335.2531433105469,299.0291442871094,0.9995726943016052,582.0162963867188,295.4806823730469,0.9984155893325806,93.82464599609375,571.298828125,0.9987602233886719
441,335.1291198730469,299.0476379394531,0.999556839466095,581.6773681640625,296.0611267089844,0.03433313965797424,86.304931640625,573.2094116210938,0.9993507266044617
442,335.1291198730469,299.0476379394531,0.9995144605636597,334.06011962890625,297.4470520019531,0.005436659790575504,81.80277252197266,573.2094116210938,0.9996459484100342
443,335.1291198730469,298.8620910644531,0.9994103908538818,334.06011962890625,297.5300598144531,0.005446345079690218,73.16940307617188,573.2094116210938,0.9988576173782349
444,335.5144348144531,298.8620910644531,0.9993207454681396,334.06011962890625,297.6893005371094,0.004654741380363703,66.19713592529297,571.34619140625,0.9996654987335205
445,335.5849304199219,299.0476379394531,0.9996458292007446,334.06011962890625,297.6893005371094,0.003673725528642535,58.40420150756836,567.715087890625,0.9995575547218323
446,335.5849304199219,299.43768310546875,0.9996951818466187,334.04876708984375,298.0091247558594,0.005558587145060301,46.01242446899414,562.9188842773438,0.9998750686645508
447,335.5144348144531,299.4812927246094,0.9997013211250305,46.25743103027344,537.48046875,0.005478596314787865,34.5632438659668,555.6102294921875,0.9997888207435608
448,335.0473327636719,299.5081481933594,0.9995101690292358,3.4151418209075928,538.144775390625,0.013656456023454666,27.531381607055664,549.862548828125,0.9997496008872986
449,334.419189453125,299.94659423828125,0.9994366765022278,1.4512598514556885,539.416259765625,0.09948747605085373,19.716907501220703,546.153564453125,0.9998778104782104
450,334.419189453125,299.94659423828125,0.9994235038757324,1.4512598514556885,538.7531127929688,0.017843998968601227,18.101924896240234,546.153564453125,0.7684317231178284
451,334.419189453125,299.94659423828125,0.9994338154792786,2.3242030143737793,538.7531127929688,0.021602226421236992,15.92203140258789,546.153564453125,0.9517534375190735
452,334.4653625488281,299.5361633300781,0.999415397644043,2.3242030143737793,538.7531127929688,0.06735330820083618,9.502901077270508,546.7534790039062,0.9998279809951782
453,334.9794921875,299.4149169921875,0.9993315935134888,2.8460745811462402,537.4696655273438,0.05864021182060242,18.101924896240234,546.7534790039062,0.9773882627487183
454,334.9798583984375,298.9787292480469,0.9991781115531921,333.67083740234375,297.6424865722656,0.005890482105314732,18.101924896240234,546.7534790039062,0.013105474412441254
455,335.00262451171875,298.83154296875,0.9995611310005188,333.6956481933594,297.5403747558594,0.004082430154085159,335.1986999511719,302.01983642578125,0.001971971709281206
456,334.9798583984375,298.46734619140625,0.999718964099884,333.93341064453125,297.2476501464844,0.0023245420306921005,337.9098815917969,279.6891784667969,0.0015715325716882944
457,334.9798583984375,297.9674987792969,0.999758780002594,334.2182312011719,296.626220703125,0.0011527033057063818,338.53369140625,279.26202392578125,0.001324321492575109
458,334.9248962402344,297.9674987792969,0.9998281002044678,337.1571960449219,296.626220703125,0.0008415766642428935,341.12060546875,278.2266845703125,0.0028133003506809473
459,334.9248962402344,297.9674987792969,0.99982088804245,338.3719787597656,296.626220703125,0.001297490787692368,341.3153381347656,278.2195739746094,0.0033164850901812315
460,334.9212951660156,298.02490234375,0.99974125623703,338.3719787597656,296.3587341308594,0.017050055786967278,439.00604248046875,260.64080810546875,0.0025425762869417667
461,334.91522216796875,298.16387939453125,0.9996806383132935,337.56585693359375,297.3276062011719,0.00227722548879683,434.5947570800781,262.828125,0.00960016343742609
462,334.9248962402344,298.16387939453125,0.9996089339256287,337.56585693359375,297.3276062011719,0.00321971601806581,434.5947570800781,262.828125,0.14704370498657227
463,334.9544372558594,298.16387939453125,0.9992803931236267,335.0940246582031,296.9060974121094,0.0026399109046906233,434.5947570800781,262.828125,0.9691089391708374
464,335.06121826171875,297.7998352050781,0.9953259229660034,335.07391357421875,296.77154541015625,0.013473396189510822,428.0855407714844,263.8802185058594,0.5892959833145142
465,335.7502136230469,297.7998352050781,0.9814493060112,334.9683837890625,296.8995666503906,0.05376292020082474,421.5619201660156,272.4073791503906,0.6457177996635437
466,335.9895935058594,297.7998352050781,0.9552704095840454,334.9683837890625,296.8995666503906,0.31036320328712463,417.25,273.389404296875,0.9612380266189575
467,335.9895935058594,297.8385009765625,0.9149927496910095,334.81036376953125,296.77154541015625,0.5245912075042725,410.16973876953125,277.3724060058594,0.9281465411186218
468,335.9895935058594,298.0609130859375,0.8822108507156372,334.9683837890625,296.5201416015625,0.6128058433532715,403.6598815917969,279.8232421875,0.883187472820282
469,335.9339904785156,298.5685119628906,0.6952314376831055,334.9683837890625,296.5201416015625,0.5842878818511963,399.3218078613281,287.4378662109375,0.7706095576286316
470,335.9337158203125,299.4252624511719,0.7587429285049438,331.6009521484375,182.49314880371094,0.11531821638345718,393.4697265625,287.4378662109375,0.5164686441421509
471,335.4300842285156,299.5323486328125,0.9457200765609741,331.6009521484375,182.49314880371094,0.8342236876487732,383.3835144042969,287.4378662109375,0.9051797986030579
472,334.8807678222656,299.5323486328125,0.9656047224998474,335.3730773925781,264.56915283203125,0.041741758584976196,373.15802001953125,283.5732116699219,0.12743210792541504
473,332.7478332519531,299.5323486328125,0.8206086754798889,349.6588439941406,264.56915283203125,0.00183612119872123,367.40386962890625,283.5732116699219,0.3698660433292389
474,76.24085235595703,298.55010986328125,0.004736434202641249,349.6588439941406,266.1221618652344,0.0014770685229450464,357.3275146484375,281.9551086425781,0.8036906719207764
475,76.20408630371094,298.45147705078125,0.004587986506521702,349.6588439941406,266.1221618652344,0.0012332769110798836,353.646728515625,280.4127502441406,0.6297039985656738
476,76.20408630371094,298.4490661621094,0.006043625064194202,349.3689270019531,266.1221618652344,0.0006314119091257453,342.08428955078125,278.20330810546875,0.8992869257926941
477,76.24085235595703,298.4230651855469,0.0049874442629516125,337.3524169921875,266.1221618652344,0.003586792852729559,332.2483215332031,277.1538391113281,0.8163391351699829
478,76.38616180419922,298.4230651855469,0.0029965119902044535,337.3524169921875,266.1221618652344,0.017724838107824326,332.2483215332031,275.21026611328125,0.25097429752349854
479,76.41227722167969,298.4230651855469,0.0014845294645056129,337.3524169921875,294.7942810058594,0.0005936164525337517,332.2483215332031,275.21026611328125,0.0005177390994504094
480,335.8561096191406,297.1561584472656,0.0010504989186301827,582.569091796875,294.7942810058594,0.00046949938405305147,572.7402954101562,275.21026611328125,0.0002394538896623999
481,583.9044799804688,297.1561584472656,0.8876122832298279,582.569091796875,295.08428955078125,0.777023196220398,572.7402954101562,298.5093688964844,0.006055679637938738
482,583.9044799804688,297.1561584472656,0.8730515837669373,582.569091796875,295.08428955078125,0.7790729999542236,572.7402954101562,298.5093688964844,0.0042319088242948055
483,583.9044799804688,297.1561584472656,0.06945458799600601,582.4331665039062,295.08428955078125,0.997241735458374,571.4168701171875,298.5093688964844,0.00642748735845089
484,582.82958984375,297.3968505859375,0.010611436329782009,581.46337890625,295.9805603027344,0.9998855590820312,571.360107421875,298.20892333984375,0.003778903279453516
485,75.14968872070312,298.60162353515625,0.06724581122398376,581.3577880859375,296.2489013671875,0.9998903274536133,571.281982421875,298.20892333984375,0.003722916357219219
486,75.14968872070312,298.60162353515625,0.7554603815078735,581.1810913085938,296.4194641113281,0.9998356103897095,571.24951171875,298.20892333984375,0.0035217178519815207
487,75.14968872070312,298.60162353515625,0.6806268095970154,581.1552734375,296.56402587890625,0.9997465014457703,571.1817016601562,298.34716796875,0.003566417843103409
488,584.4937133789062,296.0583190917969,0.008395438082516193,581.1552734375,296.56402587890625,0.9997033476829529,571.1382446289062,298.34716796875,0.0035629067569971085
489,584.4937133789062,296.0583190917969,0.007982204668223858,581.1552734375,296.4194641113281,0.9997169375419617,571.1245727539062,298.34716796875,0.003569097723811865
490,584.4937133789062,296.0583190917969,0.008416574448347092,581.1925048828125,296.39569091796875,0.9997578263282776,158.6464385986328,261.276611328125,0.08244005590677261
491,582.6482543945312,297.85137939453125,0.016925835981965065,581.2364501953125,296.3948974609375,0.9997817873954773,133.64553833007812,255.18331909179688,0.3281831443309784
492,336.11529541015625,297.91522216796875,0.009247198700904846,581.27587890625,296.1064453125,0.9998037219047546,114.81328582763672,247.82923889160156,0.5997275114059448
493,335.2240905761719,298.74163818359375,0.8887713551521301,581.3330688476562,295.8486633300781,0.9998378753662109,114.81328582763672,247.82923889160156,0.007224950939416885
494,335.2240905761719,298.74163818359375,0.9989320635795593,581.3541259765625,295.5373840332031,0.9998605251312256,114.81328582763672,247.82923889160156,0.010099001228809357
495,334.1211242675781,299.3801574707031,0.9990900754928589,581.3566284179688,295.4753723144531,0.9998899698257446,335.2103576660156,279.8756408691406,0.0041478779166936874
496,334.1120910644531,299.2999267578125,0.998641312122345,581.637451171875,295.4753723144531,0.9998764991760254,570.7213745117188,298.362548828125,0.004245193675160408
497,334.04876708984375,299.2999267578125,0.9987319111824036,581.9642333984375,295.4753723144531,0.9997856020927429,570.7213745117188,298.362548828125,0.0038083726540207863
498,334.0184326171875,299.2999267578125,0.9986879229545593,582.4487915039062,296.2270202636719,0.9996541738510132,570.7213745117188,298.1918029785156,0.0025978400371968746
499,334.0184326171875,298.8705749511719,0.9982366561889648,582.5255737304688,296.81988525390625,0.999828577041626,570.9277954101562,298.1553039550781,0.0025720444973558187
500,333.9103088378906,298.8357849121094,0.9980877041816711,582.5265502929688,297.13079833984375,0.9998663663864136,570.9277954101562,298.1918029785156,0.003003971418365836
501,333.894775390625,298.74420166015625,0.9983981251716614,582.602783203125,297.13079833984375,0.9997945427894592,571.0889282226562,298.1553039550781,0.0033834518399089575
502,333.894775390625,298.64898681640625,0.9984812140464783,582.658203125,297.2368469238281,0.999667763710022,571.0889282226562,298.0545349121094,0.0031999468337744474
503,333.859619140625,298.4847412109375,0.9984643459320068,582.658203125,297.2368469238281,0.9997518658638,571.0889282226562,297.9273681640625,0.003107343101873994
504,333.859619140625,298.4162902832031,0.9983665347099304,583.013916015625,297.2368469238281,0.9998451471328735,571.0308837890625,297.9184875488281,0.002888414543122053
505,333.894775390625,298.3742370605469,0.9984838366508484,583.1268920898438,297.2368469238281,0.9998575448989868,571.0308837890625,297.8998107910156,0.0028343405574560165
506,333.9463195800781,298.36566162109375,0.9985594153404236,582.8799438476562,297.2368469238281,0.9998408555984497,571.0308837890625,297.88739013671875,0.0025952132418751717
507,333.956787109375,298.3343505859375,0.9984965324401855,583.1268920898438,297.25494384765625,0.9998206496238708,571.2723999023438,297.86212158203125,0.003287592204287648
508,333.956787109375,298.3343505859375,0.9985789060592651,583.1268920898438,297.25494384765625,0.9999053478240967,571.2945556640625,297.86212158203125,0.003220469458028674
509,333.956787109375,298.3343505859375,0.9985758066177368,582.9564819335938,297.33209228515625,0.9998925924301147,571.2985229492188,297.88739013671875,0.0028479211032390594
510,333.8231506347656,298.55145263671875,0.9987537860870361,582.8799438476562,297.35247802734375,0.9998351335525513,571.2985229492188,298.0027770996094,0.0036854746285825968
511,333.61572265625,299.40576171875,0.9988383650779724,582.9564819335938,297.35247802734375,0.999866247177124,571.2985229492188,298.0027770996094,0.004259037785232067
512,333.61572265625,299.40576171875,0.9989294409751892,582.9564819335938,297.33209228515625,0.9999159574508667,571.2985229492188,298.0027770996094,0.0030544649343937635
513,333.61572265625,299.40576171875,0.9986503720283508,583.2467651367188,297.0942077636719,0.9998688697814941,571.3483276367188,297.7915344238281,0.003182545304298401
514,334.6360778808594,297.8833923339844,0.9983287453651428,583.2467651367188,296.9942321777344,0.9998937845230103,571.26953125,279.6061706542969,0.0031931763514876366
515,334.8294677734375,297.5255126953125,0.9986876845359802,583.2467651367188,296.9295654296875,0.9999090433120728,571.26953125,279.6061706542969,0.0029264299664646387
516,335.28448486328125,297.5255126953125,0.9988180994987488,582.721923828125,296.8734436035156,0.999882698059082,570.492431640625,297.7915344238281,0.003143691923469305
517,335.49676513671875,297.5255126953125,0.9987015724182129,582.6303100585938,296.8734436035156,0.9999027252197266,570.4365234375,297.8971862792969,0.0029552278574556112
518,335.60888671875,297.99530029296875,0.9987008571624756,582.6303100585938,296.9295654296875,0.9998843669891357,570.4365234375,297.8971862792969,0.003023328725248575
519,335.60888671875,299.096923828125,0.9995583891868591,582.6303100585938,296.9792175292969,0.9998564720153809,570.492431640625,297.8971862792969,0.0024886264000087976
520,335.6860656738281,299.1121826171875,0.9996583461761475,583.2743530273438,297.1176452636719,0.9998589754104614,588.177978515625,279.6793518066406,0.0032240008004009724
521,335.60888671875,299.2658996582031,0.9992658495903015,583.5499267578125,297.1176452636719,0.9997411370277405,588.177978515625,279.6793518066406,0.0052283951081335545
522,335.30609130859375,299.4967346191406,0.9994099140167236,583.7945556640625,297.1176452636719,0.9997010231018066,588.177978515625,279.6793518066406,0.00385349802672863
523,335.1612243652344,299.4967346191406,0.9997640252113342,584.5818481445312,296.69024658203125,0.9995892643928528,571.2037353515625,298.1915588378906,0.004659088794142008
524,334.28466796875,299.4967346191406,0.999704897403717,584.5818481445312,296.4084777832031,0.9998830556869507,571.2037353515625,298.2226867675781,0.0035563106648623943
525,334.1626892089844,299.56988525390625,0.9997857213020325,584.5818481445312,295.869873046875,0.9997158646583557,571.2037353515625,298.3965148925781,0.003923652693629265
526,333.9780578613281,299.56988525390625,0.9997316002845764,583.87353515625,296.4084777832031,0.9971914887428284,571.2037353515625,298.2226867675781,0.00572389317676425
527,333.9780578613281,299.56988525390625,0.999794065952301,582.9658203125,296.49371337890625,0.997333288192749,571.2037353515625,298.1915588378906,0.0036820790264755487
528,334.28466796875,299.13739013671875,0.9995207786560059,582.9658203125,295.9964599609375,0.997944176197052,571.1802978515625,297.9552001953125,0.004436003044247627
529,334.38946533203125,299.1175231933594,0.9981738328933716,582.2738647460938,295.9964599609375,0.9991976618766785,571.10400390625,297.6854248046875,0.004016289487481117
530,335.5394592285156,299.096923828125,0.9851888418197632,582.2738647460938,295.9964599609375,0.9988711476325989,337.3093566894531,279.6204528808594,0.0051622940227389336
531,337.491943359375,299.0977783203125,0.983302652835846,582.2738647460938,294.58154296875,0.9995502829551697,336.5144348144531,279.6204528808594,0.0052840798161923885
532,337.8496398925781,299.0977783203125,0.699874997138977,582.2738647460938,294.58154296875,0.9998674392700195,336.5144348144531,279.36175537109375,0.003696988569572568
533,337.8496398925781,299.0977783203125,0.9947287440299988,582.0918579101562,294.58154296875,0.9999654293060303,336.5144348144531,279.0201416015625,0.0033733854070305824
534,337.491943359375,299.2364501953125,0.9990453124046326,582.0294189453125,295.58807373046875,0.9999641180038452,336.5144348144531,279.0201416015625,0.003584874328225851
535,336.7836608886719,299.2364501953125,0.9974785447120667,582.0294189453125,295.99212646484375,0.9999567270278931,339.67962646484375,278.8417053222656,0.0029684402979910374
536,335.7016296386719,299.5303955078125,0.9988429546356201,581.775390625,296.0767517089844,0.9999368190765381,339.67962646484375,278.83587646484375,0.0030361097306013107
537,335.7016296386719,299.5303955078125,0.998751163482666,581.775390625,296.0767517089844,0.9999284744262695,339.0562438964844,278.8417053222656,0.003360852599143982
538,335.5456848144531,299.27581787109375,0.9552570581436157,581.7621459960938,296.0397644042969,0.9999334812164307,339.0562438964844,278.6974792480469,0.003077623201534152
539,335.31121826171875,299.27581787109375,0.9974743723869324,581.775390625,295.99212646484375,0.9999443292617798,339.0562438964844,278.6974792480469,0.002914376324042678
540,333.44024658203125,299.4004821777344,0.9996743202209473,581.775390625,295.9346008300781,0.9999505281448364,337.2310485839844,278.951416015625,0.002557184314355254
541,333.44024658203125,299.4004821777344,0.9998325109481812,581.7621459960938,295.9346008300781,0.9999516010284424,336.4868469238281,279.1842956542969,0.0026999188121408224
542,333.44024658203125,299.815185546875,0.9995831847190857,581.7621459960938,295.9346008300781,0.999953031539917,335.0112609863281,279.1842956542969,0.002903911517933011
543,333.44024658203125,299.86761474609375,0.9985436201095581,581.780029296875,295.9662170410156,0.9999479055404663,335.0112609863281,279.3019104003906,0.0025336372200399637
544,333.44024658203125,300.1338195800781,0.9985017776489258,581.7863159179688,295.9662170410156,0.9999454021453857,335.0112609863281,279.3019104003906,0.004466749262064695
545,333.72747802734375,300.3758544921875,0.9992474317550659,581.8003540039062,295.9662170410156,0.999948263168335,336.86004638671875,279.3019104003906,0.0033115397673100233
546,333.7935485839844,300.1338195800781,0.99969482421875,581.8003540039062,295.9662170410156,0.9999513626098633,336.86004638671875,279.2997131347656,0.002735766815021634
547,333.7935485839844,299.86761474609375,0.999487042427063,581.806884765625,295.9662170410156,0.9999521970748901,337.1717224121094,279.2550964355469,0.0024704246316105127
548,334.03118896484375,299.7727966308594,0.9992019534111023,581.8092651367188,295.9708557128906,0.9999493360519409,337.1717224121094,279.2550964355469,0.0031381126027554274
549,334.0801086425781,299.7727966308594,0.99924635887146,581.8141479492188,295.9708557128906,0.9999476671218872,337.1717224121094,279.2281188964844,0.003102850168943405
550,334.24005126953125,299.7727966308594,0.9994044303894043,581.87890625,295.9708557128906,0.999947190284729,337.0543212890625,279.2281188964844,0.003256363095715642
551,334.31134033203125,299.8943786621094,0.9994208812713623,581.8983154296875,296.0011901855469,0.9999520778656006,337.1717224121094,279.2281188964844,0.0032916241325438023
552,334.36334228515625,300.1058654785156,0.9994827508926392,581.8983154296875,295.9647521972656,0.9999487400054932,337.4090881347656,278.97662353515625,0.0032254571560770273
553,334.51123046875,300.1058654785156,0.9994944334030151,581.8937377929688,295.9428405761719,0.999948263168335,588.3131713867188,278.63909912109375,0.0024001491256058216
554,334.8719177246094,300.1058654785156,0.9993414282798767,581.8937377929688,295.9428405761719,0.9999498128890991,588.3214721679688,278.63909912109375,0.0024152626283466816
555,335.1011047363281,300.06591796875,0.9992603659629822,581.8937377929688,295.9428405761719,0.9999520778656006,588.3214721679688,278.63909912109375,0.002418914344161749
556,335.1011047363281,300.06591796875,0.999305248260498,581.8754272460938,295.9428405761719,0.9999542236328125,588.3265991210938,278.63909912109375,0.0023474511690437794
557,335.1011047363281,300.06591796875,0.9994076490402222,581.8614501953125,295.94598388671875,0.9999494552612305,588.3265991210938,278.63909912109375,0.0023826134856790304
558,335.06787109375,300.06591796875,0.9993900060653687,581.8582153320312,295.94598388671875,0.9999488592147827,588.3243408203125,278.646728515625,0.002430474618449807
559,335.06689453125,300.06591796875,0.999393105506897,581.8541870117188,295.94598388671875,0.9999467134475708,588.31201171875,278.6378173828125,0.0024450249038636684
560,335.0458068847656,300.06329345703125,0.9993568062782288,581.8107299804688,295.922119140625,0.9999481439590454,588.3103637695312,278.6378173828125,0.0024118872825056314
561,335.0458068847656,300.04107666015625,0.9993525147438049,581.8107299804688,295.922119140625,0.9999504089355469,588.3103637695312,278.646728515625,0.002473140601068735
562,335.0458068847656,300.04107666015625,0.9993559718132019,581.8045043945312,295.922119140625,0.9999518394470215,588.3077392578125,278.646728515625,0.002423939760774374
563,335.0433044433594,300.04107666015625,0.9993657469749451,581.795166015625,295.9246520996094,0.9999487400054932,588.3026123046875,278.6378173828125,0.0024282385129481554
564,335.0364990234375,300.1402893066406,0.999372661113739,581.795166015625,295.98779296875,0.9999475479125977,588.3026123046875,278.6262512207031,0.002470653736963868
565,335.027587890625,300.1402893066406,0.9993646740913391,581.7882080078125,295.98779296875,0.9999485015869141,588.3077392578125,278.6262512207031,0.0024540210142731667
566,335.027587890625,300.1402893066406,0.9993677735328674,581.7882080078125,295.98779296875,0.9999481439590454,588.3077392578125,278.6262512207031,0.002444320358335972
567,335.027587890625,300.0909118652344,0.9993481040000916,581.7882080078125,295.93463134765625,0.9999512434005737,588.31103515625,278.6602478027344,0.002426980994641781
568,335.0783996582031,300.0909118652344,0.9993577599525452,581.834228515625,295.93463134765625,0.9999514818191528,588.31103515625,278.6602478027344,0.0024285169783979654
569,335.0783996582031,300.0909118652344,0.9993647933006287,581.834228515625,295.93463134765625,0.9999486207962036,588.31103515625,278.6602478027344,0.0023931649047881365
570,335.0802001953125,300.11083984375,0.9993721842765808,581.834228515625,295.9593505859375,0.9999492168426514,588.3078002929688,278.6390686035156,0.002423886675387621
571,335.1019592285156,300.11083984375,0.9993699193000793,581.834228515625,295.9593505859375,0.9999475479125977,588.3078002929688,278.6390686035156,0.002430457156151533
572,335.1019592285156,300.11083984375,0.9993564486503601,581.834228515625,295.9593505859375,0.9999489784240723,588.3078002929688,278.6390686035156,0.002443804172798991
573,335.1019592285156,300.11083984375,0.9993481040000916,581.8493041992188,295.953369140625,0.9999489784240723,588.3226318359375,278.6390686035156,0.002404932864010334
574,335.1019592285156,300.11083984375,0.9993357062339783,581.86181640625,295.953369140625,0.9999512434005737,588.3226318359375,278.6390686035156,0.0023914899211376905
575,335.09259033203125,300.16180419921875,0.9993577599525452,581.8681640625,295.953369140625,0.9999490976333618,588.3226318359375,278.625244140625,0.0024378688540309668
576,335.0803527832031,300.16180419921875,0.9993882179260254,581.86181640625,295.953369140625,0.9999450445175171,588.3131713867188,278.618408203125,0.0024336189962923527
577,335.0456237792969,300.16180419921875,0.9993646740913391,581.86181640625,295.953369140625,0.9999485015869141,588.3080444335938,278.599365234375,0.002406636020168662
