scorer,DLC_resnet50_LARGESTPOLE_flat_singlelimbFeb15shuffle1_500000,DLC_resnet50_LARGESTPOLE_flat_singlelimbFeb15shuffle1_500000,DLC_resnet50_LARGESTPOLE_flat_singlelimbFeb15shuffle1_500000,DLC_resnet50_LARGESTPOLE_flat_singlelimbFeb15shuffle1_500000,DLC_resnet50_LARGESTPOLE_flat_singlelimbFeb15shuffle1_500000,DLC_resnet50_LARGESTPOLE_flat_singlelimbFeb15shuffle1_500000,DLC_resnet50_LARGESTPOLE_flat_singlelimbFeb15shuffle1_500000,DLC_resnet50_LARGESTPOLE_flat_singlelimbFeb15shuffle1_500000,DLC_resnet50_LARGESTPOLE_flat_singlelimbFeb15shuffle1_500000
bodyparts,gridL,gridL,gridL,gridR,gridR,gridR,neck,neck,neck
coords,x,y,likelihood,x,y,likelihood,x,y,likelihood
0,278.643798828125,410.1955871582031,0.9999874830245972,283.13140869140625,410.8837890625,0.0016129660652950406,282.93890380859375,397.4461669921875,0.0019007375231012702
1,278.643798828125,410.1955871582031,0.9999876022338867,512.4751586914062,415.1057434082031,0.8102933168411255,991.2366333007812,691.16015625,0.0024033570662140846
2,278.643798828125,410.24078369140625,0.9999874830245972,512.4751586914062,415.1057434082031,0.9996392726898193,1023.4509887695312,691.16015625,0.004489724989980459
3,278.643798828125,410.24078369140625,0.9999877214431763,512.6435546875,415.1057434082031,0.9997790455818176,1023.4509887695312,691.16015625,0.010355654172599316
4,278.643798828125,410.24078369140625,0.9999878406524658,512.6435546875,415.031982421875,0.9997876286506653,1023.4509887695312,689.6364135742188,0.01283706072717905
5,278.6556396484375,410.2606506347656,0.9999877214431763,512.6435546875,415.03179931640625,0.9999004602432251,283.0177917480469,429.4732360839844,0.001962862443178892
6,278.6556396484375,410.2606506347656,0.9999876022338867,512.8422241210938,414.9259948730469,0.9999392032623291,283.0177917480469,429.4732360839844,0.0019381772726774216
7,278.6556396484375,410.26922607421875,0.9999873638153076,512.85302734375,414.86602783203125,0.9999457597732544,283.0177917480469,397.48565673828125,0.0019956412725150585
8,278.6412048339844,410.26922607421875,0.9999878406524658,512.8641357421875,414.86602783203125,0.9999432563781738,283.04388427734375,397.4888916015625,0.6174664497375488
9,278.6315612792969,410.34326171875,0.9999877214431763,512.8641357421875,414.8601989746094,0.999945878982544,283.0489501953125,397.4888916015625,0.001983173657208681
10,278.6315612792969,410.34326171875,0.9999877214431763,512.8641357421875,414.8601989746094,0.9999464750289917,283.0491027832031,397.4916076660156,0.0019767784979194403
11,278.6333312988281,410.34326171875,0.9999878406524658,512.8703002929688,414.8601989746094,0.9999475479125977,283.0491027832031,397.4916076660156,0.0020112013444304466
12,278.6412048339844,410.3824462890625,0.9999874830245972,512.8775634765625,414.85626220703125,0.9999451637268066,283.06451416015625,397.4916076660156,0.002094196155667305
13,278.6453552246094,410.3856506347656,0.9999874830245972,512.8775634765625,414.85626220703125,0.9999464750289917,283.06768798828125,397.4916076660156,0.002083962084725499
14,278.65625,410.30157470703125,0.9999873638153076,512.884033203125,414.781982421875,0.9999493360519409,283.1005554199219,397.49542236328125,0.0020416579209268093
15,278.65625,410.30157470703125,0.9999873638153076,512.896240234375,414.8542785644531,0.9999489784240723,283.1005554199219,397.49542236328125,0.002045760862529278
16,278.6560974121094,410.31365966796875,0.9999872446060181,512.896240234375,414.8542785644531,0.9999468326568604,283.10400390625,397.47686767578125,0.0021003135479986668
17,278.6560974121094,410.31365966796875,0.9999872446060181,512.8886108398438,414.8542785644531,0.9999467134475708,283.10650634765625,397.4754638671875,0.0021930031944066286
18,278.6579284667969,410.31365966796875,0.999987006187439,512.8886108398438,414.8542785644531,0.999947190284729,283.1103515625,397.4754638671875,0.0021199085749685764
19,278.6700439453125,410.3587646484375,0.9999872446060181,512.8886108398438,414.8542785644531,0.999950647354126,283.114990234375,397.4754638671875,0.002064680913463235
20,278.67181396484375,410.3587646484375,0.9999871253967285,512.8886108398438,414.7915344238281,0.999950647354126,283.114990234375,397.4754638671875,0.002057247096672654
21,278.67181396484375,410.3587646484375,0.999987006187439,512.8922119140625,414.7915344238281,0.9999470710754395,283.1212158203125,397.4797058105469,0.00217124680057168
22,278.67181396484375,410.3587646484375,0.9999868869781494,512.8922119140625,414.7915344238281,0.9999490976333618,283.1212158203125,397.4797058105469,0.002222549170255661
23,278.67181396484375,410.3587646484375,0.9999868869781494,512.9088134765625,414.7915344238281,0.9999468326568604,283.1336975097656,397.4797058105469,0.0021396127995103598
24,278.67181396484375,410.34893798828125,0.9999867677688599,512.916748046875,414.8944091796875,0.9999507665634155,283.1338195800781,397.46533203125,0.002099849982187152
25,278.6844787597656,410.34893798828125,0.9999865293502808,512.901123046875,414.8944091796875,0.9999514818191528,283.13775634765625,397.46533203125,0.002116832183673978
26,278.7013854980469,410.38427734375,0.9999864101409912,512.901123046875,414.8944091796875,0.9999489784240723,283.13775634765625,397.46533203125,0.002212528372183442
27,278.7052001953125,410.38427734375,0.9999866485595703,512.901123046875,414.8537902832031,0.99994957447052,283.138671875,397.46533203125,0.0021943403407931328
28,278.7013854980469,410.38427734375,0.9999862909317017,512.8970336914062,414.8537902832031,0.9999479055404663,283.138671875,397.46533203125,0.002181708114221692
29,278.7013854980469,410.4407958984375,0.9999864101409912,512.8970336914062,414.8537902832031,0.9999498128890991,283.14154052734375,397.4688415527344,0.002149906475096941
30,278.6966247558594,410.4407958984375,0.9999865293502808,512.8836669921875,414.8542785644531,0.9999502897262573,283.14154052734375,397.4688415527344,0.002139870310202241
31,278.6929016113281,410.4945983886719,0.9999865293502808,512.8836669921875,414.8542785644531,0.9999476671218872,283.1452331542969,397.45452880859375,0.0021980132441967726
32,278.6929016113281,410.4945983886719,0.9999864101409912,512.897705078125,414.8542785644531,0.9999485015869141,283.1452331542969,397.45452880859375,0.002255956409499049
33,278.6966247558594,410.4407958984375,0.9999862909317017,512.911376953125,414.8972473144531,0.9999489784240723,283.1546325683594,397.470947265625,0.0021896606776863337
34,278.6929016113281,410.42352294921875,0.9999860525131226,512.911376953125,414.8572998046875,0.9999513626098633,283.1546325683594,397.4599609375,0.00217510387301445
35,278.6929016113281,410.42352294921875,0.9999861717224121,512.911376953125,414.8572998046875,0.9999489784240723,283.1546325683594,397.4599609375,0.002252508420497179
36,278.6759338378906,410.42352294921875,0.999985933303833,512.8905029296875,414.8572998046875,0.99994957447052,283.14495849609375,397.4599609375,0.0022897927556186914
37,278.6759338378906,410.42352294921875,0.9999862909317017,512.8881225585938,414.9037170410156,0.9999492168426514,283.14495849609375,397.4599609375,0.0022528169211000204
38,278.6759338378906,410.52410888671875,0.9999860525131226,512.8881225585938,414.8572998046875,0.9999489784240723,283.14495849609375,397.4398193359375,0.0021999350283294916
39,278.6608581542969,410.52410888671875,0.9999860525131226,512.88427734375,414.889404296875,0.9999521970748901,283.14495849609375,397.4398193359375,0.002167066093534231
40,278.6608581542969,410.52410888671875,0.9999860525131226,512.88427734375,414.8616943359375,0.9999514818191528,283.1513977050781,397.4398193359375,0.002192332409322262
41,278.6379089355469,410.461181640625,0.9999861717224121,512.8882446289062,414.8616943359375,0.9999499320983887,283.1520080566406,397.4490051269531,0.002236326690763235
42,278.6379089355469,410.461181640625,0.9999861717224121,512.8882446289062,414.8356628417969,0.9999505281448364,283.1513977050781,397.4490051269531,0.0023115715011954308
43,278.6379089355469,410.461181640625,0.9999861717224121,512.8882446289062,414.82073974609375,0.9999487400054932,283.1488037109375,397.4490051269531,0.002237268490716815
44,278.6568908691406,410.461181640625,0.999985933303833,512.9014282226562,414.82073974609375,0.9999493360519409,283.1513977050781,397.4454345703125,0.002236742526292801
45,278.6568908691406,410.4858093261719,0.9999861717224121,512.9014282226562,414.82073974609375,0.9999490976333618,283.1500244140625,397.4368896484375,0.002222746843472123
46,278.6653137207031,410.4858093261719,0.9999858140945435,512.9014282226562,414.82073974609375,0.9999483823776245,283.1488037109375,397.4368896484375,0.002273953752592206
47,278.6653137207031,410.4858093261719,0.9999860525131226,512.9091186523438,414.8029479980469,0.9999494552612305,283.1500244140625,397.4435729980469,0.002217941451817751
48,278.6568908691406,410.4882507324219,0.999985933303833,512.9014282226562,414.9500427246094,0.9999489784240723,283.1535949707031,397.4435729980469,0.0022519875783473253
49,278.646728515625,410.4882507324219,0.9999860525131226,512.89013671875,414.9090576171875,0.9999494552612305,283.1500244140625,397.4435729980469,0.002225887728855014
50,278.64501953125,410.47808837890625,0.9999860525131226,512.89013671875,414.9090576171875,0.999948263168335,283.1522216796875,397.4435729980469,0.002268393523991108
51,278.64501953125,410.4911804199219,0.9999858140945435,512.8932495117188,414.9090576171875,0.9999499320983887,283.15509033203125,397.427978515625,0.00228265137411654
52,278.64501953125,410.4949645996094,0.9999855756759644,512.8932495117188,414.9090576171875,0.99994957447052,283.15509033203125,397.427978515625,0.0022639483213424683
53,278.67840576171875,410.41583251953125,0.9999855756759644,512.8984375,414.8858642578125,0.9999499320983887,283.1522216796875,397.435302734375,0.002262443071231246
54,278.67840576171875,410.41583251953125,0.9999858140945435,512.9231567382812,414.8858642578125,0.9999500513076782,283.1522216796875,397.435302734375,0.0022742513101547956
55,278.67840576171875,410.5045166015625,0.9999858140945435,512.8984375,414.8389587402344,0.9999507665634155,283.1468505859375,397.435302734375,0.0022814515978097916
56,278.67840576171875,410.5045166015625,0.999985933303833,512.8984375,414.84417724609375,0.9999500513076782,283.1468505859375,397.435302734375,0.0022903417702764273
57,278.67840576171875,410.4718933105469,0.999985933303833,512.9291381835938,414.8858642578125,0.9999483823776245,283.1468505859375,397.44647216796875,0.0022378561552613974
58,278.6827087402344,410.4718933105469,0.9999855756759644,512.9310913085938,414.8905334472656,0.9999505281448364,283.159423828125,397.44647216796875,0.0022402326576411724
59,278.6896057128906,410.4718933105469,0.9999856948852539,512.9369506835938,414.8905334472656,0.9999494552612305,283.1596984863281,397.44647216796875,0.002292721765115857
60,278.6922607421875,410.4718933105469,0.9999855756759644,512.9541625976562,414.89208984375,0.9999504089355469,283.16217041015625,397.44647216796875,0.0022782613523304462
61,278.6922607421875,410.4718933105469,0.9999856948852539,512.9541625976562,414.93023681640625,0.9999505281448364,283.16217041015625,397.44647216796875,0.0022785866167396307
62,278.6913146972656,410.4595642089844,0.9999855756759644,512.9369506835938,414.93023681640625,0.9999496936798096,283.16217041015625,397.42828369140625,0.0022997020278126
63,278.6896057128906,410.4595642089844,0.9999854564666748,512.9280395507812,414.9314270019531,0.99994957447052,283.16217041015625,397.42828369140625,0.002264969749376178
64,278.6913146972656,410.4834289550781,0.9999855756759644,512.9280395507812,414.9433898925781,0.9999488592147827,283.16412353515625,397.42828369140625,0.0022817738354206085
65,278.6913146972656,410.50384521484375,0.9999858140945435,512.9041137695312,414.9433898925781,0.999950647354126,283.15985107421875,397.42828369140625,0.0023131598718464375
66,278.6968688964844,410.5058898925781,0.9999854564666748,512.9280395507812,414.9433898925781,0.9999487400054932,283.15985107421875,397.4330749511719,0.0022654137574136257
67,278.6968688964844,410.5058898925781,0.9999855756759644,512.9280395507812,414.9314270019531,0.999950647354126,283.1655578613281,397.4408264160156,0.002259895671159029
68,278.6968688964844,410.5058898925781,0.9999855756759644,512.9293823242188,414.8661193847656,0.9999494552612305,283.1655578613281,397.4408264160156,0.0023099652025848627
69,278.6635437011719,410.49066162109375,0.9999856948852539,512.9210205078125,414.8661193847656,0.9999518394470215,283.1655578613281,397.4408264160156,0.0023358315229415894
70,278.6635437011719,410.49066162109375,0.9999858140945435,512.9218139648438,414.8648986816406,0.9999514818191528,283.16644287109375,397.4408264160156,0.0023020326625555754
71,278.6635437011719,410.49066162109375,0.9999855756759644,512.9218139648438,414.8544921875,0.9999492168426514,283.16644287109375,397.4311828613281,0.002280010376125574
72,278.65020751953125,410.49066162109375,0.9999856948852539,512.9393920898438,414.8648986816406,0.9999508857727051,283.16644287109375,397.42803955078125,0.0022476983722299337
73,278.65020751953125,410.49066162109375,0.9999852180480957,512.9218139648438,414.8710632324219,0.99994957447052,283.16644287109375,397.42803955078125,0.002303398447111249
74,278.67669677734375,410.5268249511719,0.9999855756759644,512.9218139648438,414.837646484375,0.9999523162841797,283.16644287109375,397.4117431640625,0.0023402604274451733
75,278.671142578125,410.5268249511719,0.9999854564666748,512.8902587890625,414.8710632324219,0.9999494552612305,283.1680603027344,397.4093322753906,0.0023328918032348156
76,278.671142578125,410.49908447265625,0.9999855756759644,512.8902587890625,414.8710632324219,0.9999487400054932,283.16357421875,397.42047119140625,0.002295378129929304
77,278.68408203125,410.49908447265625,0.9999856948852539,512.8902587890625,414.8747863769531,0.9999501705169678,283.16357421875,397.42047119140625,0.002261899644508958
78,278.6888427734375,410.49908447265625,0.9999855756759644,512.9035034179688,414.8747863769531,0.9999488592147827,283.16412353515625,397.42047119140625,0.002280957531183958
79,278.70758056640625,410.4600830078125,0.9999853372573853,512.9422607421875,414.8784484863281,0.9999520778656006,283.16357421875,397.42047119140625,0.002342524938285351
80,278.70758056640625,410.4600830078125,0.9999853372573853,512.9422607421875,414.8975524902344,0.9999514818191528,283.16357421875,397.42047119140625,0.002304984722286463
81,278.70758056640625,410.4600830078125,0.9999853372573853,512.9422607421875,414.9324951171875,0.9999501705169678,283.16412353515625,397.42742919921875,0.0022920554038137197
82,278.6961364746094,410.4784851074219,0.9999855756759644,512.9342041015625,414.9597473144531,0.9999498128890991,283.16412353515625,397.4234924316406,0.002300587482750416
83,278.6961364746094,410.4944763183594,0.9999854564666748,512.9342041015625,414.9597473144531,0.9999504089355469,283.1745910644531,397.4162292480469,0.0022712184581905603
84,278.6961364746094,410.5653381347656,0.9999856948852539,512.9342041015625,414.9324951171875,0.9999492168426514,283.1752014160156,397.4143371582031,0.0022868665400892496
85,278.7189025878906,410.5414123535156,0.9999852180480957,512.9432373046875,414.9324951171875,0.9999511241912842,283.1780700683594,397.4234924316406,0.002276391489431262
86,278.7189025878906,410.5414123535156,0.9999852180480957,512.951416015625,414.8648681640625,0.9999524354934692,283.1780700683594,397.4234924316406,0.0022607764694839716
87,278.7189025878906,410.5414123535156,0.9999854564666748,512.9675903320312,414.8369445800781,0.9999496936798096,283.1780700683594,397.42437744140625,0.002300826134160161
88,278.7149963378906,410.48443603515625,0.9999855756759644,512.9675903320312,414.8648681640625,0.9999516010284424,283.16888427734375,397.42437744140625,0.002341232495382428
89,278.7149963378906,410.48443603515625,0.9999855756759644,512.951416015625,414.8648681640625,0.9999524354934692,283.16888427734375,397.42437744140625,0.0023598873522132635
90,278.7149963378906,410.48443603515625,0.9999849796295166,512.9268798828125,414.85345458984375,0.9999501705169678,283.16888427734375,397.40625,0.002365686232224107
91,278.7149963378906,410.48443603515625,0.9999853372573853,512.9268798828125,414.85345458984375,0.9999512434005737,283.17510986328125,397.40625,0.0022746894974261522
92,278.7149963378906,410.48443603515625,0.9999853372573853,512.9143676757812,414.8837890625,0.9999494552612305,283.17510986328125,397.40625,0.002266749506816268
93,278.6706848144531,410.5386047363281,0.9999854564666748,512.9143676757812,414.8837890625,0.9999523162841797,283.17803955078125,397.3990478515625,0.002334022196009755
94,278.6706848144531,410.5386047363281,0.9999853372573853,512.9143676757812,414.8837890625,0.9999505281448364,283.1781311035156,397.4026184082031,0.0023340932093560696
95,278.6706848144531,410.45599365234375,0.9999854564666748,512.9143676757812,414.8951416015625,0.99994957447052,283.17803955078125,397.4089660644531,0.0022565831895917654
96,278.6654357910156,410.45599365234375,0.9999854564666748,512.9143676757812,414.8951416015625,0.9999516010284424,283.1691589355469,397.4089660644531,0.002296224469318986
97,278.6787414550781,410.4981689453125,0.9999853372573853,512.9130859375,414.9202880859375,0.999950647354126,283.1691589355469,397.4026184082031,0.0023093237541615963
98,278.6787414550781,410.46337890625,0.9999854564666748,512.9337158203125,414.9202880859375,0.9999517202377319,283.1657409667969,397.4089660644531,0.002332634525373578
99,278.6787414550781,410.46337890625,0.9999852180480957,512.9337158203125,414.9490966796875,0.9999504089355469,283.1657409667969,397.4117736816406,0.0023543224669992924
100,278.6654357910156,410.46337890625,0.9999853372573853,512.917724609375,414.9202880859375,0.9999499320983887,283.1657409667969,397.41180419921875,0.002295823534950614
101,278.6644287109375,410.4634094238281,0.9999856948852539,512.917724609375,414.9335632324219,0.9999492168426514,283.1657409667969,397.41180419921875,0.0023001660592854023
102,278.6644287109375,410.4634094238281,0.9999852180480957,512.917724609375,414.9335632324219,0.9999502897262573,283.1672058105469,397.41180419921875,0.0023408294655382633
103,278.6794128417969,410.4978332519531,0.9999853372573853,512.9019775390625,414.91485595703125,0.999950647354126,283.17901611328125,397.41180419921875,0.0023370508570224047
104,278.6794128417969,410.49688720703125,0.9999852180480957,512.9019775390625,414.91485595703125,0.9999508857727051,283.1694641113281,397.41180419921875,0.002277653431519866
105,278.6794128417969,410.49688720703125,0.9999855756759644,512.9293823242188,414.8313903808594,0.9999512434005737,283.1694641113281,397.41619873046875,0.0022701856214553118
106,278.6794128417969,410.49688720703125,0.9999852180480957,512.9201049804688,414.8313903808594,0.9999508857727051,283.1694641113281,397.41619873046875,0.0022953213192522526
107,278.6622009277344,410.49688720703125,0.9999853372573853,512.9201049804688,414.8376770019531,0.999953031539917,283.1694641113281,397.41619873046875,0.002379834884777665
108,278.6622009277344,410.49688720703125,0.9999854564666748,512.9201049804688,414.849609375,0.9999512434005737,283.1694641113281,397.41619873046875,0.002329233568161726
109,278.6622009277344,410.52862548828125,0.9999854564666748,512.9201049804688,414.849609375,0.9999499320983887,283.1787109375,397.4144592285156,0.002272652927786112
110,278.6885681152344,410.52862548828125,0.9999853372573853,512.9201049804688,414.849609375,0.9999511241912842,283.1787109375,397.4144592285156,0.0022804206237196922
111,278.6885681152344,410.52862548828125,0.9999853372573853,512.9016723632812,414.849609375,0.9999517202377319,283.1787109375,397.4144592285156,0.002293182071298361
112,278.6885681152344,410.5190734863281,0.9999855756759644,512.9074096679688,414.9132995605469,0.9999520778656006,283.1787109375,397.4144592285156,0.0023089731112122536
113,278.6885681152344,410.5190734863281,0.9999855756759644,512.9241943359375,414.9132995605469,0.9999504089355469,283.1815185546875,397.4144592285156,0.0023210381623357534
114,278.6885681152344,410.5190734863281,0.9999853372573853,512.9241943359375,414.84759521484375,0.9999489784240723,283.1824645996094,397.4154357910156,0.0022855165880173445
115,278.697509765625,410.5190734863281,0.9999852180480957,512.9241943359375,414.9132995605469,0.9999513626098633,283.1824645996094,397.4154357910156,0.002280982444062829
116,278.697509765625,410.5190734863281,0.9999850988388062,512.9395751953125,414.9056396484375,0.9999507665634155,283.1824645996094,397.4154357910156,0.002267562784254551
117,278.70458984375,410.5408020019531,0.9999852180480957,512.9395751953125,414.9056396484375,0.9999517202377319,283.1824645996094,397.4154357910156,0.0023409922141581774
118,278.697509765625,410.5408020019531,0.9999849796295166,512.9395751953125,414.92279052734375,0.9999517202377319,283.18310546875,397.4154357910156,0.0023334980942308903
119,278.6886291503906,410.4635925292969,0.9999853372573853,512.94384765625,414.92279052734375,0.9999493360519409,283.18084716796875,397.41864013671875,0.0023164625745266676
120,278.6726379394531,410.4635925292969,0.9999853372573853,512.9295043945312,414.91619873046875,0.9999501705169678,283.17694091796875,397.41888427734375,0.002316679572686553
121,278.6726379394531,410.5408020019531,0.9999854564666748,512.9295043945312,414.9694519042969,0.9999504089355469,283.1786193847656,397.4022521972656,0.002316073514521122
122,278.6726379394531,410.541015625,0.9999854564666748,512.9295043945312,414.91619873046875,0.9999513626098633,283.1786193847656,397.4032287597656,0.0023372499272227287
123,278.6716003417969,410.5054626464844,0.9999850988388062,512.9295043945312,414.91619873046875,0.9999502897262573,283.17645263671875,397.408203125,0.0023284712806344032
124,278.6716003417969,410.5054626464844,0.9999853372573853,512.908203125,414.8696594238281,0.9999504089355469,283.17645263671875,397.408203125,0.0022881017066538334
125,278.67376708984375,410.5054626464844,0.9999853372573853,512.908203125,414.8464660644531,0.9999493360519409,283.17645263671875,397.408203125,0.0023296778090298176
126,278.6716003417969,410.5054626464844,0.9999850988388062,512.89306640625,414.84130859375,0.9999521970748901,283.17645263671875,397.408203125,0.0023924442939460278
127,278.6716003417969,410.5054626464844,0.9999849796295166,512.8944091796875,414.8262634277344,0.999953031539917,283.17645263671875,397.408203125,0.0023768763057887554
128,278.6657409667969,410.4991149902344,0.9999853372573853,512.908203125,414.8262634277344,0.9999486207962036,283.17266845703125,397.4020080566406,0.002272323938086629
129,278.6657409667969,410.4991149902344,0.9999853372573853,512.9462890625,414.83740234375,0.9999501705169678,283.17266845703125,397.4020080566406,0.002274065278470516
130,278.6629638671875,410.4991149902344,0.9999854564666748,512.9454956054688,414.83740234375,0.9999496936798096,283.17010498046875,397.4020080566406,0.002299323445186019
131,278.6495056152344,410.4991149902344,0.9999853372573853,512.9454956054688,414.9026794433594,0.9999527931213379,283.17010498046875,397.4053649902344,0.002345385029911995
132,278.6495056152344,410.4991149902344,0.9999853372573853,512.9454956054688,414.9696960449219,0.9999507665634155,283.1698303222656,397.4085693359375,0.0023267206270247698
133,278.6629638671875,410.49462890625,0.9999858140945435,512.9454956054688,414.9289855957031,0.9999494552612305,283.1698303222656,397.4166564941406,0.002251298865303397
134,278.6861572265625,410.49462890625,0.9999852180480957,512.9454956054688,414.9289855957031,0.9999501705169678,283.1698303222656,397.4166564941406,0.0023188695777207613
135,278.6861572265625,410.51800537109375,0.9999850988388062,512.941162109375,414.9656677246094,0.9999511241912842,283.1698303222656,397.4166564941406,0.0023260952439159155
136,278.6983642578125,410.51800537109375,0.9999852180480957,512.9576416015625,414.9656677246094,0.9999524354934692,283.1698303222656,397.41070556640625,0.0023351970594376326
137,278.6907958984375,410.4956359863281,0.9999854564666748,512.9724731445312,414.9289855957031,0.9999501705169678,283.1678466796875,397.4148864746094,0.0023142716381698847
138,278.6861572265625,410.4956359863281,0.9999852180480957,512.9724731445312,414.90655517578125,0.9999500513076782,283.1678466796875,397.4148864746094,0.0022974011953920126
139,278.669677734375,410.4956359863281,0.9999852180480957,512.9541625976562,414.90655517578125,0.9999516010284424,283.1678466796875,397.4148864746094,0.002309206174686551
140,278.669677734375,410.4956359863281,0.9999852180480957,512.9541625976562,414.8815612792969,0.9999525547027588,283.1763610839844,397.4148864746094,0.0023790006525814533
141,278.669677734375,410.4956359863281,0.9999853372573853,512.9349365234375,414.8785400390625,0.9999510049819946,283.1764831542969,397.4148864746094,0.002344105625525117
142,278.669677734375,410.4954528808594,0.9999852180480957,512.9349365234375,414.8785400390625,0.9999508857727051,283.1800537109375,397.4205627441406,0.0022920246701687574
143,278.6957092285156,410.4954528808594,0.9999853372573853,512.9349365234375,414.8785400390625,0.999950647354126,283.1800537109375,397.4205627441406,0.0023298384621739388
144,278.6957092285156,410.4954528808594,0.9999852180480957,512.9126586914062,414.8406982421875,0.9999516010284424,283.1800537109375,397.4205627441406,0.002325658220797777
145,278.6957092285156,410.4954528808594,0.9999852180480957,512.9588012695312,414.8406982421875,0.9999536275863647,283.1800537109375,397.4205627441406,0.002377962926402688
146,278.6957092285156,410.4954528808594,0.9999853372573853,512.9588012695312,414.8406982421875,0.9999523162841797,283.1800537109375,397.4205627441406,0.00235586054623127
147,278.69268798828125,410.5513610839844,0.9999852180480957,512.9340209960938,414.8406982421875,0.9999502897262573,283.1705017089844,397.4144287109375,0.0022817086428403854
148,278.6865234375,410.5513610839844,0.9999852180480957,512.9281616210938,414.8647155761719,0.9999508857727051,283.1782531738281,397.4144287109375,0.002286756644025445
149,278.6865234375,410.5513610839844,0.9999853372573853,512.9281616210938,414.8932800292969,0.9999499320983887,283.1825866699219,397.4144287109375,0.00234170607291162
150,278.69268798828125,410.5513610839844,0.9999850988388062,512.922607421875,414.8647155761719,0.9999520778656006,283.1825866699219,397.4144287109375,0.002335944911465049
151,278.69268798828125,410.5513610839844,0.9999854564666748,512.922607421875,414.8932800292969,0.9999511241912842,283.18243408203125,397.4144287109375,0.0023321551270782948
152,278.6865234375,410.4693908691406,0.9999852180480957,512.922607421875,414.87451171875,0.9999496936798096,283.18243408203125,397.42047119140625,0.002301833126693964
153,278.6651916503906,410.4693908691406,0.9999853372573853,512.9271240234375,414.87451171875,0.9999500513076782,283.18243408203125,397.42047119140625,0.002296126214787364
154,278.6651916503906,410.4622802734375,0.9999855756759644,512.9271240234375,414.87451171875,0.9999510049819946,283.1738586425781,397.4211730957031,0.0023281944449990988
155,278.6651916503906,410.4622802734375,0.9999854564666748,512.9271240234375,414.87451171875,0.9999525547027588,283.1675720214844,397.4211730957031,0.002327961614355445
156,278.6651916503906,410.4622802734375,0.9999854564666748,512.9243774414062,414.86810302734375,0.9999500513076782,283.1675720214844,397.4211730957031,0.0023299837484955788
157,278.6553649902344,410.4622802734375,0.9999853372573853,512.9243774414062,414.86810302734375,0.9999512434005737,283.1678161621094,397.4211730957031,0.002322413260117173
158,278.6553649902344,410.4622802734375,0.9999854564666748,512.9189453125,414.86810302734375,0.9999498128890991,283.1675720214844,397.4219665527344,0.0022784967441111803
159,278.6553649902344,410.4503173828125,0.9999853372573853,512.9176635742188,414.86810302734375,0.9999517202377319,283.1678161621094,397.4150085449219,0.0023689293302595615
160,278.6553649902344,410.4503173828125,0.9999853372573853,512.8895263671875,414.8682861328125,0.9999524354934692,283.1712951660156,397.4150085449219,0.002354237250983715
161,278.6553649902344,410.4503173828125,0.9999855756759644,512.8895263671875,414.8682861328125,0.9999501705169678,283.171630859375,397.4150085449219,0.0023136157542467117
162,278.6704406738281,410.4503173828125,0.9999855756759644,512.8895263671875,414.868896484375,0.9999508857727051,283.171630859375,397.4150085449219,0.002283199690282345
163,278.6704406738281,410.4503173828125,0.9999854564666748,512.8615112304688,414.868896484375,0.9999511241912842,283.171630859375,397.4150085449219,0.002290758304297924
164,278.6704406738281,410.4490966796875,0.9999853372573853,512.9193725585938,414.868896484375,0.999951958656311,283.171630859375,397.421875,0.002366825472563505
165,278.69879150390625,410.4490966796875,0.9999855756759644,512.9193725585938,414.8473815917969,0.9999511241912842,283.171630859375,397.421875,0.002350394381210208
166,278.6983642578125,410.4490966796875,0.9999855756759644,512.8934326171875,414.8473815917969,0.9999505281448364,283.1822204589844,397.421875,0.0023077509831637144
167,278.6858215332031,410.4510803222656,0.9999854564666748,512.8934326171875,414.8473815917969,0.9999501705169678,283.1822204589844,397.4227600097656,0.0023102289997041225
168,278.6960144042969,410.4510803222656,0.9999852180480957,512.9193725585938,414.867431640625,0.9999499320983887,283.1822204589844,397.4227600097656,0.0023052149917930365
169,278.6983642578125,410.5528564453125,0.9999854564666748,512.9359130859375,414.867431640625,0.9999502897262573,283.1822204589844,397.42291259765625,0.002338146325200796
170,278.6983642578125,410.5528564453125,0.9999850988388062,512.9429321289062,414.867431640625,0.9999523162841797,283.1822204589844,397.42291259765625,0.0023387614637613297
171,278.7049865722656,410.487548828125,0.9999853372573853,512.9429321289062,414.92291259765625,0.9999502897262573,283.1725158691406,397.42291259765625,0.0023123598657548428
172,278.7049865722656,410.487548828125,0.9999849796295166,512.9535522460938,414.867431640625,0.9999510049819946,283.17498779296875,397.42291259765625,0.0023083253763616085
173,278.7049865722656,410.487548828125,0.9999849796295166,512.9535522460938,414.9352722167969,0.999950647354126,283.17828369140625,397.4139709472656,0.0023219117429107428
174,278.70849609375,410.487548828125,0.9999853372573853,512.9331665039062,414.8557434082031,0.9999526739120483,283.17828369140625,397.41253662109375,0.00234999880194664
175,278.70849609375,410.487548828125,0.9999852180480957,512.9331665039062,414.8557434082031,0.9999501705169678,283.17828369140625,397.41253662109375,0.0023419465869665146
176,278.7122802734375,410.4740295410156,0.9999852180480957,512.9535522460938,414.8557434082031,0.9999499320983887,283.17828369140625,397.4139709472656,0.002297466853633523
177,278.7122802734375,410.4740295410156,0.9999853372573853,512.9331665039062,414.8557434082031,0.9999516010284424,283.17828369140625,397.4139709472656,0.0022669683676213026
178,278.7122802734375,410.44122314453125,0.9999850988388062,512.9009399414062,414.8557434082031,0.9999531507492065,283.1663818359375,397.4219055175781,0.002334493910893798
179,278.7111511230469,410.44122314453125,0.9999854564666748,512.90771484375,414.8800964355469,0.9999517202377319,283.1663818359375,397.4219055175781,0.002361864084377885
180,278.7111511230469,410.44122314453125,0.9999858140945435,512.90771484375,414.8800964355469,0.9999499320983887,283.1663818359375,397.4219055175781,0.0023444904945790768
181,278.6954345703125,410.49505615234375,0.9999852180480957,512.90771484375,414.9181213378906,0.9999490976333618,283.1761779785156,397.42974853515625,0.0022942351642996073
182,278.6954345703125,410.49505615234375,0.9999853372573853,512.9083251953125,414.9181213378906,0.9999499320983887,283.1761779785156,397.42974853515625,0.002227731281891465
183,278.6954345703125,410.49505615234375,0.9999854564666748,512.9142456054688,414.9186706542969,0.9999505281448364,283.1761779785156,397.4208984375,0.002292144810780883
184,278.681640625,410.48956298828125,0.9999855756759644,512.927001953125,414.9186706542969,0.9999516010284424,283.17938232421875,397.4224548339844,0.0023316594306379557
185,278.66607666015625,410.48956298828125,0.9999854564666748,512.927001953125,414.9186706542969,0.9999502897262573,283.17938232421875,397.4224548339844,0.0023299395106732845
186,278.66607666015625,410.46856689453125,0.9999853372573853,512.9274291992188,414.9186706542969,0.99994957447052,283.1681213378906,397.4208984375,0.0023140900302678347
187,278.65777587890625,410.46856689453125,0.9999855756759644,512.9274291992188,414.9186706542969,0.9999493360519409,283.1743469238281,397.4208984375,0.002296192804351449
188,278.68048095703125,410.4853820800781,0.9999854564666748,512.9303588867188,414.939208984375,0.9999502897262573,283.1744384765625,397.4178466796875,0.002297102939337492
189,278.68048095703125,410.4853820800781,0.9999854564666748,512.9716186523438,414.939208984375,0.9999498128890991,283.1744384765625,397.41680908203125,0.0022971828002482653
190,278.68048095703125,410.4818115234375,0.9999850988388062,512.9716186523438,414.939208984375,0.9999512434005737,283.1743469238281,397.4172668457031,0.002298058243468404
191,278.6661376953125,410.4818115234375,0.9999850988388062,512.9300537109375,414.928955078125,0.999950647354126,283.1744384765625,397.4172668457031,0.0023322782944887877
192,278.6661376953125,410.4818115234375,0.9999854564666748,512.9300537109375,414.9440612792969,0.9999505281448364,283.17669677734375,397.41680908203125,0.0023351081181317568
193,278.6661376953125,410.4818115234375,0.9999856948852539,512.9299926757812,414.928955078125,0.9999512434005737,283.1773986816406,397.4153137207031,0.0023061144165694714
194,278.6661376953125,410.4818115234375,0.9999854564666748,512.9299926757812,414.8873291015625,0.9999489784240723,283.1773986816406,397.4153137207031,0.002294928068295121
195,278.6959533691406,410.51910400390625,0.9999850988388062,512.9299926757812,414.8873291015625,0.99994957447052,283.1809387207031,397.41357421875,0.0023112327326089144
196,278.6959533691406,410.51910400390625,0.9999852180480957,512.9325561523438,414.85223388671875,0.9999498128890991,283.1809387207031,397.41357421875,0.002267398638650775
197,278.6959533691406,410.51910400390625,0.9999849796295166,512.94970703125,414.85198974609375,0.9999514818191528,283.1773986816406,397.41357421875,0.0023240125738084316
198,278.698486328125,410.5086975097656,0.9999854564666748,512.94970703125,414.85223388671875,0.9999524354934692,283.1701965332031,397.41357421875,0.0023519983515143394
199,278.698486328125,410.5086975097656,0.9999853372573853,512.94970703125,414.85223388671875,0.999951958656311,283.1701965332031,397.41357421875,0.0023774791043251753
200,278.698486328125,410.5086975097656,0.9999853372573853,512.94970703125,414.85223388671875,0.9999502897262573,283.1701965332031,397.41204833984375,0.002293460303917527
201,278.698486328125,410.5086975097656,0.9999850988388062,512.9271240234375,414.8642578125,0.9999510049819946,283.1701965332031,397.41204833984375,0.0022930705454200506
202,278.698486328125,410.5086975097656,0.9999853372573853,512.90966796875,414.92950439453125,0.9999508857727051,283.1754455566406,397.41204833984375,0.002242123242467642
203,278.6972351074219,410.5439453125,0.9999852180480957,512.9107055664062,414.8642578125,0.9999521970748901,283.17791748046875,397.41204833984375,0.002349745947867632
204,278.6947021484375,410.4993896484375,0.9999855756759644,512.9107055664062,414.92950439453125,0.9999500513076782,283.17791748046875,397.420166015625,0.0023148308973759413
205,278.6947021484375,410.4713439941406,0.9999850988388062,512.9107055664062,414.8756408691406,0.9999502897262573,283.170166015625,397.4229431152344,0.002286315895617008
206,278.6806640625,410.4713439941406,0.9999854564666748,512.9107055664062,414.89898681640625,0.9999493360519409,283.1750793457031,397.4229431152344,0.002290245844051242
207,278.6806640625,410.4993896484375,0.9999854564666748,512.9107055664062,414.8756408691406,0.9999520778656006,283.170166015625,397.420166015625,0.002299543470144272
208,278.6806640625,410.4993896484375,0.9999854564666748,512.92333984375,414.89898681640625,0.9999514818191528,283.1690673828125,397.428466796875,0.0023213927634060383
209,278.690185546875,410.451904296875,0.9999855756759644,512.953369140625,414.89898681640625,0.9999489784240723,283.1690673828125,397.4310302734375,0.002325932728126645
210,278.6806640625,410.451904296875,0.9999854564666748,512.9325561523438,414.89898681640625,0.9999493360519409,283.1668395996094,397.428466796875,0.0022853254340589046
211,278.6688537597656,410.47271728515625,0.9999855756759644,512.9325561523438,414.9022216796875,0.9999505281448364,283.1668395996094,397.4263000488281,0.0023612529039382935
212,278.6719665527344,410.47271728515625,0.9999850988388062,512.9325561523438,414.9022216796875,0.9999524354934692,283.1690673828125,397.4263000488281,0.0023917914368212223
213,278.6719665527344,410.47271728515625,0.9999853372573853,512.9325561523438,414.82830810546875,0.9999493360519409,283.17333984375,397.4136962890625,0.0023174865636974573
214,278.6719665527344,410.47271728515625,0.9999855756759644,512.9325561523438,414.82830810546875,0.9999498128890991,283.1742858886719,397.4136962890625,0.0022917662281543016
215,278.6719665527344,410.47271728515625,0.9999853372573853,512.941162109375,414.8243408203125,0.9999512434005737,283.1742858886719,397.4136962890625,0.002289711032062769
216,278.6719665527344,410.43310546875,0.9999853372573853,512.941162109375,414.8243408203125,0.9999517202377319,283.17333984375,397.4266052246094,0.0022981511428952217
217,278.6802673339844,410.43310546875,0.9999853372573853,512.941162109375,414.81414794921875,0.9999527931213379,283.1776428222656,397.4266357421875,0.0023548936005681753
218,278.6802673339844,410.43310546875,0.9999855756759644,512.9382934570312,414.81414794921875,0.9999499320983887,283.1776428222656,397.4383850097656,0.0023511950857937336
219,278.6965026855469,410.473876953125,0.9999853372573853,512.9382934570312,414.81414794921875,0.9999505281448364,1247.458251953125,788.4854736328125,0.003283268306404352
220,278.6965026855469,410.473876953125,0.9999850988388062,512.9193115234375,414.8909912109375,0.9999499320983887,1247.458251953125,788.7197875976562,0.004424162674695253
221,278.6965026855469,410.4978942871094,0.9999853372573853,512.9193115234375,414.8909912109375,0.9999517202377319,1247.458251953125,789.4873657226562,0.008057881146669388
222,278.7014465332031,410.4978942871094,0.9999853372573853,512.9193115234375,414.89227294921875,0.9999507665634155,1247.2938232421875,790.3321533203125,0.00536890747025609
223,278.69732666015625,410.49554443359375,0.9999853372573853,512.9297485351562,414.9618225097656,0.99994957447052,1245.115234375,799.0723266601562,0.007940438576042652
224,278.69732666015625,410.49554443359375,0.9999853372573853,512.9297485351562,414.9618225097656,0.9999500513076782,1244.2857666015625,799.2581176757812,0.007158296182751656
225,278.69732666015625,410.49554443359375,0.9999853372573853,512.9297485351562,414.9618225097656,0.9999494552612305,1239.114501953125,799.2581176757812,0.005431250669062138
226,278.69732666015625,410.49554443359375,0.9999853372573853,512.9297485351562,414.9618225097656,0.9999516010284424,1237.7200927734375,799.0723266601562,0.003693516133353114
227,278.69732666015625,410.49554443359375,0.9999854564666748,512.9297485351562,414.91046142578125,0.9999501705169678,283.1773681640625,397.4341125488281,0.0023168823681771755
228,278.69287109375,410.54107666015625,0.9999854564666748,512.8920288085938,414.8674621582031,0.9999488592147827,283.1755065917969,397.4139404296875,0.002295707818120718
229,278.6842041015625,410.54107666015625,0.9999853372573853,512.8920288085938,414.91046142578125,0.9999494552612305,283.1721496582031,397.4139404296875,0.002331889932975173
230,278.6842041015625,410.54107666015625,0.9999855756759644,512.8961791992188,414.902099609375,0.9999498128890991,283.1721496582031,397.4139404296875,0.0022711341734975576
231,278.6842041015625,410.5389709472656,0.9999855756759644,512.91015625,414.81951904296875,0.9999510049819946,283.1721496582031,397.4139404296875,0.0023201594594866037
232,278.6842041015625,410.5389709472656,0.9999854564666748,512.91015625,414.8392028808594,0.9999505281448364,283.1721496582031,397.412353515625,0.0023171016946434975
233,278.6931457519531,410.49322509765625,0.9999853372573853,512.9263305664062,414.902099609375,0.9999498128890991,283.17523193359375,397.412353515625,0.002297947881743312
234,278.6931457519531,410.49322509765625,0.9999854564666748,512.9263305664062,414.8653869628906,0.999950647354126,283.17523193359375,397.412353515625,0.0022449602838605642
235,278.6931457519531,410.49322509765625,0.9999852180480957,512.9263305664062,414.8653869628906,0.9999499320983887,283.17523193359375,397.412353515625,0.0022969848942011595
236,278.6829833984375,410.49322509765625,0.9999853372573853,512.9263305664062,414.8653869628906,0.9999523162841797,283.1728820800781,397.4124755859375,0.0023648671340197325
237,278.6829833984375,410.49322509765625,0.9999853372573853,512.9207153320312,414.8653869628906,0.9999507665634155,283.1728820800781,397.4124755859375,0.002312340307980776
238,278.6765441894531,410.48553466796875,0.9999856948852539,512.9207153320312,414.8653869628906,0.9999494552612305,283.1703186035156,397.4124755859375,0.0022878097370266914
239,278.667724609375,410.48553466796875,0.9999853372573853,512.9207153320312,414.9026794433594,0.999950647354126,283.1703186035156,397.4124755859375,0.002302328357473016
240,278.68280029296875,410.4727478027344,0.9999853372573853,512.9216918945312,414.91705322265625,0.9999512434005737,283.1728820800781,397.4124755859375,0.0023446567356586456
241,278.68280029296875,410.4727478027344,0.9999852180480957,512.9216918945312,414.92840576171875,0.999950647354126,283.17364501953125,397.41314697265625,0.002328458009287715
242,278.68280029296875,410.4727478027344,0.9999853372573853,512.9284057617188,414.9306640625,0.9999501705169678,283.17364501953125,397.41314697265625,0.0022901413030922413
243,278.68280029296875,410.4727478027344,0.9999854564666748,512.9284057617188,414.9306640625,0.9999498128890991,283.17364501953125,397.4195861816406,0.0023037130013108253
244,278.68280029296875,410.4727478027344,0.9999852180480957,512.9284057617188,414.9306640625,0.9999502897262573,283.17364501953125,397.4195861816406,0.0023240181617438793
245,278.6509094238281,410.4989318847656,0.9999852180480957,512.9154052734375,414.886474609375,0.9999516010284424,283.17364501953125,397.4184875488281,0.0023632701486349106
246,278.6509094238281,410.5192565917969,0.9999853372573853,512.8841552734375,414.8834228515625,0.9999507665634155,283.17645263671875,397.3976135253906,0.002346451859921217
247,278.6509094238281,410.5077819824219,0.9999858140945435,512.8841552734375,414.8834228515625,0.9999500513076782,283.16796875,397.4184875488281,0.0022781887091696262
248,278.6641540527344,410.5077819824219,0.9999852180480957,512.8841552734375,414.87310791015625,0.9999516010284424,283.16796875,397.4184875488281,0.002291399985551834
249,278.6641540527344,410.5077819824219,0.9999854564666748,512.8926391601562,414.8834228515625,0.9999498128890991,283.16796875,397.4283142089844,0.002314471872523427
250,278.6793518066406,410.5077819824219,0.9999853372573853,512.8980712890625,414.8841247558594,0.9999523162841797,283.16790771484375,397.4283142089844,0.002367186825722456
251,278.6793518066406,410.5077819824219,0.9999856948852539,512.92041015625,414.9285583496094,0.9999510049819946,283.16790771484375,397.4283142089844,0.0023413696326315403
252,278.677490234375,410.5027770996094,0.9999853372573853,512.92041015625,414.97052001953125,0.999950647354126,283.16790771484375,397.4265441894531,0.0023019767832010984
253,278.681640625,410.5027770996094,0.9999852180480957,512.9384155273438,414.97052001953125,0.9999510049819946,283.16790771484375,397.4265441894531,0.0022990850266069174
254,278.68695068359375,410.5471496582031,0.9999854564666748,512.9384155273438,414.97698974609375,0.9999496936798096,283.171875,397.41192626953125,0.002305078087374568
255,278.6905517578125,410.5471496582031,0.9999854564666748,512.9395141601562,414.97698974609375,0.9999501705169678,283.1734924316406,397.4158935546875,0.0023327297531068325
256,278.6905517578125,410.5471496582031,0.9999853372573853,512.9384155273438,414.97698974609375,0.9999498128890991,283.1827087402344,397.4158935546875,0.0022782322484999895
257,278.7147216796875,410.5471496582031,0.9999855756759644,512.9395141601562,414.9427185058594,0.9999494552612305,283.1827087402344,397.4158935546875,0.002265286399051547
258,278.7147216796875,410.5471496582031,0.9999853372573853,512.929931640625,414.9195861816406,0.9999494552612305,283.1827087402344,397.4158935546875,0.002254063729196787
259,278.7147216796875,410.52032470703125,0.9999852180480957,512.9261474609375,414.9195861816406,0.9999516010284424,283.1746520996094,397.4158935546875,0.0023123929277062416
260,278.70159912109375,410.52032470703125,0.9999852180480957,512.9161987304688,414.9559631347656,0.99994957447052,283.1746520996094,397.4144592285156,0.002344041131436825
261,278.6878662109375,410.4891662597656,0.9999853372573853,512.9046630859375,414.9559631347656,0.9999490976333618,283.1746520996094,397.4144592285156,0.0023398096673190594
262,278.6766357421875,410.4891662597656,0.9999852180480957,512.900634765625,414.9559631347656,0.9999494552612305,283.1746520996094,397.4118347167969,0.0022730787750333548
263,278.65728759765625,410.5181579589844,0.9999856948852539,512.8993530273438,414.9689025878906,0.9999487400054932,283.1781921386719,397.4118347167969,0.002275722101330757
264,278.65728759765625,410.5099792480469,0.9999854564666748,512.8993530273438,414.9701843261719,0.99994957447052,283.1781921386719,397.4075927734375,0.0023483657278120518
265,278.65728759765625,410.5099792480469,0.9999854564666748,512.8993530273438,414.9729919433594,0.9999483823776245,283.1755065917969,397.4075927734375,0.00228725909255445
266,278.65728759765625,410.5099792480469,0.9999850988388062,512.8993530273438,414.9701843261719,0.9999502897262573,283.1755065917969,397.4070739746094,0.002301083179190755
267,278.6834411621094,410.5099792480469,0.9999855756759644,512.90576171875,414.9701843261719,0.9999488592147827,283.1755065917969,397.414306640625,0.002285444876179099
268,278.6834411621094,410.4881286621094,0.9999854564666748,512.9313354492188,414.9518737792969,0.9999499320983887,283.1755065917969,397.4154968261719,0.002306062960997224
269,278.6834411621094,410.4881286621094,0.9999855756759644,512.9313354492188,414.9518737792969,0.9999520778656006,283.1807556152344,397.4281005859375,0.002324006985872984
270,278.6896057128906,410.4881286621094,0.9999855756759644,512.9341430664062,414.9518737792969,0.999950647354126,283.18731689453125,397.44366455078125,0.002322083106264472
271,278.73114013671875,410.47686767578125,0.9999852180480957,512.947265625,414.91009521484375,0.9999504089355469,1076.1224365234375,820.60498046875,0.8684695959091187
272,278.73114013671875,410.47686767578125,0.9999852180480957,512.9511108398438,414.91009521484375,0.99994957447052,1076.1224365234375,820.60498046875,0.9992916584014893
273,278.73114013671875,410.47686767578125,0.999984860420227,512.9713134765625,414.91009521484375,0.9999511241912842,1076.1224365234375,820.60498046875,0.9999723434448242
274,278.73114013671875,410.47686767578125,0.9999850988388062,512.9862060546875,414.9082946777344,0.999953031539917,1075.3685302734375,816.066162109375,0.9999816417694092
275,278.73114013671875,410.47686767578125,0.9999854564666748,512.9930419921875,414.8330383300781,0.9999513626098633,1071.7982177734375,809.215087890625,0.999935507774353
276,278.7110290527344,410.4649963378906,0.999984860420227,512.9930419921875,414.8330383300781,0.9999525547027588,1067.424560546875,805.1713256835938,0.9999833106994629
277,278.7074279785156,410.4649963378906,0.9999850988388062,512.9930419921875,414.8106689453125,0.9999510049819946,1062.33154296875,801.416748046875,0.9999727010726929
278,278.69354248046875,410.484619140625,0.9999854564666748,512.9920043945312,414.8106689453125,0.9999525547027588,1055.470703125,796.9862670898438,0.9999537467956543
279,278.69354248046875,410.484619140625,0.9999855756759644,512.9739379882812,414.8511962890625,0.9999527931213379,1049.2633056640625,794.6814575195312,0.9998007416725159
280,278.69354248046875,410.484619140625,0.9999855756759644,512.9551391601562,414.8511962890625,0.9999504089355469,1042.8980712890625,792.7809448242188,0.9999665021896362
281,278.6934814453125,410.484619140625,0.9999854564666748,512.9551391601562,414.8511962890625,0.9999518394470215,1036.6873779296875,791.6658935546875,0.9999574422836304
282,278.6934814453125,410.484619140625,0.9999854564666748,512.9432983398438,414.8611755371094,0.9999513626098633,1028.723876953125,791.6658935546875,0.9999866485595703
283,278.6934814453125,410.5250549316406,0.9999854564666748,512.94140625,414.8511962890625,0.999953031539917,1017.7474365234375,791.6658935546875,0.9999434947967529
284,278.6934814453125,410.5250549316406,0.9999852180480957,512.9225463867188,414.8362121582031,0.9999504089355469,1005.5801391601562,792.8213500976562,0.9998859167098999
285,278.68243408203125,410.4888916015625,0.9999856948852539,512.9169311523438,414.8611755371094,0.9999475479125977,993.1865844726562,795.2857666015625,0.9999229907989502
286,278.6767272949219,410.4888916015625,0.9999854564666748,512.9046020507812,414.86572265625,0.9999508857727051,979.2745361328125,798.6598510742188,0.9998979568481445
287,278.6691589355469,410.4888916015625,0.9999854564666748,512.9046020507812,414.86572265625,0.9999487400054932,964.9776611328125,801.55712890625,0.9999557733535767
288,278.68243408203125,410.4888916015625,0.9999855756759644,512.9046020507812,414.86572265625,0.9999517202377319,952.4492797851562,803.9324340820312,0.9998774528503418
289,278.68243408203125,410.4888916015625,0.9999854564666748,512.9046020507812,414.86572265625,0.99994957447052,940.4508666992188,808.4786987304688,0.9998911619186401
290,278.6691589355469,410.4218444824219,0.9999852180480957,512.9046020507812,414.86572265625,0.9999521970748901,929.2921752929688,811.8399047851562,0.9999328851699829
291,278.6509094238281,410.4218444824219,0.9999853372573853,512.9026489257812,414.8601379394531,0.9999512434005737,919.590576171875,811.8399047851562,0.999871015548706
292,278.6509094238281,410.5233154296875,0.9999856948852539,512.89013671875,414.8601379394531,0.9999494552612305,909.688232421875,811.8399047851562,0.9998063445091248
293,278.6509094238281,410.5233154296875,0.9999855756759644,512.89013671875,414.8515319824219,0.9999514818191528,898.278564453125,808.1677856445312,0.999945878982544
294,278.6509094238281,410.5233154296875,0.9999856948852539,512.89013671875,414.8496398925781,0.999948263168335,885.7122192382812,805.3643798828125,0.9999790191650391
295,278.6958312988281,410.5233154296875,0.9999856948852539,512.8914794921875,414.8496398925781,0.9999513626098633,871.67236328125,802.145751953125,0.9999611377716064
296,278.6958312988281,410.5233154296875,0.9999852180480957,512.902099609375,414.8496398925781,0.9999510049819946,858.7347412109375,798.91259765625,0.9997933506965637
297,278.6958312988281,410.45635986328125,0.9999854564666748,512.902099609375,414.8496398925781,0.9999517202377319,846.0424194335938,797.3477172851562,0.9997920393943787
298,278.69866943359375,410.45635986328125,0.9999854564666748,512.9523315429688,414.84722900390625,0.9999513626098633,833.4010620117188,796.8478393554688,0.9999434947967529
299,278.69866943359375,410.45635986328125,0.9999858140945435,512.916015625,414.86279296875,0.999950647354126,818.5103759765625,794.4640502929688,0.9999468326568604
300,278.673095703125,410.441162109375,0.9999853372573853,512.916015625,414.86279296875,0.9999520778656006,807.614013671875,791.1240844726562,0.9998168349266052
301,278.6468505859375,410.441162109375,0.9999855756759644,512.916015625,414.86279296875,0.9999514818191528,797.5670166015625,787.9259643554688,0.9999455213546753
302,278.6468200683594,410.44317626953125,0.9999856948852539,512.916015625,414.86279296875,0.9999504089355469,788.1956176757812,782.7542724609375,0.999943733215332
303,278.6468200683594,410.44317626953125,0.9999858140945435,512.8856811523438,414.86279296875,0.999950647354126,783.4551391601562,778.823974609375,0.99993896484375
304,278.6210632324219,410.44317626953125,0.9999855756759644,512.88037109375,414.8582763671875,0.9999493360519409,777.119873046875,773.9658203125,0.9999557733535767
305,278.614990234375,410.44317626953125,0.9999858140945435,512.8687133789062,414.8562927246094,0.9999488592147827,770.670166015625,768.6597290039062,0.9999771118164062
306,278.60980224609375,410.44317626953125,0.999985933303833,512.8687133789062,414.8562927246094,0.9999490976333618,766.5348510742188,764.309326171875,0.999871015548706
307,278.6031494140625,410.4087829589844,0.9999860525131226,512.8456420898438,414.8562927246094,0.99994957447052,763.1341552734375,758.7821044921875,0.9999701976776123
308,278.6031494140625,410.4087829589844,0.999985933303833,512.8456420898438,414.8562927246094,0.9999490976333618,760.11474609375,754.7745971679688,0.9999819993972778
309,278.6031494140625,410.4087829589844,0.9999858140945435,512.8457641601562,414.8562927246094,0.9999480247497559,756.9025268554688,752.1802978515625,0.9999827146530151
310,278.6038818359375,410.4215087890625,0.999985933303833,512.8457641601562,414.8612976074219,0.9999483823776245,754.14697265625,749.8091430664062,0.9999659061431885
311,278.6055603027344,410.4215087890625,0.9999856948852539,512.8479614257812,414.896484375,0.9999480247497559,750.8984985351562,747.3467407226562,0.9999207258224487
312,278.64697265625,410.49761962890625,0.9999855756759644,512.891845703125,414.83978271484375,0.9999501705169678,746.870849609375,744.0390625,0.999967098236084
313,278.6516418457031,410.49761962890625,0.9999854564666748,512.92626953125,414.8653869628906,0.999950647354126,743.377685546875,742.5939331054688,0.9999681711196899
314,278.7071533203125,410.49761962890625,0.9999854564666748,512.9271850585938,414.8653869628906,0.9999499320983887,739.850830078125,741.300537109375,0.9999903440475464
315,278.7438659667969,410.49761962890625,0.9999853372573853,512.9313354492188,414.8653869628906,0.9999514818191528,734.44140625,738.7265014648438,0.9999881982803345
316,278.7438659667969,410.49761962890625,0.9999855756759644,512.9677124023438,414.8653869628906,0.9999510049819946,729.6289672851562,736.7999267578125,0.9999836683273315
317,278.7480163574219,410.5627746582031,0.9999849796295166,512.9843139648438,414.8653869628906,0.9999524354934692,724.7405395507812,734.8475952148438,0.999974250793457
318,278.7480163574219,410.5627746582031,0.9999852180480957,512.9843139648438,414.8856506347656,0.9999512434005737,719.0150146484375,733.3878173828125,0.9999550580978394
319,278.7734680175781,410.553466796875,0.9999853372573853,512.9843139648438,414.8856506347656,0.999951958656311,714.8466186523438,732.5388793945312,0.999880313873291
320,278.7734680175781,410.553466796875,0.9999852180480957,512.9843139648438,414.883056640625,0.9999536275863647,711.244140625,732.3545532226562,0.9999555349349976
321,278.7734680175781,410.553466796875,0.9999852180480957,512.9879760742188,414.883056640625,0.9999516010284424,706.7001342773438,732.2376098632812,0.9999823570251465
322,278.7720031738281,410.553466796875,0.9999854564666748,512.9879760742188,414.883056640625,0.9999525547027588,700.913818359375,730.5618896484375,0.9998669624328613
323,278.76678466796875,410.553466796875,0.9999855756759644,512.9879760742188,414.8536071777344,0.9999504089355469,696.1971435546875,730.47705078125,0.9999414682388306
324,278.73828125,410.4869689941406,0.9999853372573853,512.9878540039062,414.8536071777344,0.9999531507492065,689.9383544921875,730.47705078125,0.999976396560669
325,278.71820068359375,410.4869689941406,0.9999853372573853,512.9427490234375,414.8536071777344,0.9999516010284424,682.927001953125,730.47705078125,0.9998835325241089
326,278.6790771484375,410.4869689941406,0.9999854564666748,512.9071044921875,414.8536071777344,0.9999496936798096,676.0860595703125,730.6629638671875,0.9999758005142212
327,278.6790771484375,410.4869689941406,0.9999855756759644,512.89794921875,414.8536071777344,0.9999499320983887,667.9547729492188,732.020263671875,0.9998964071273804
328,278.6620788574219,410.4869689941406,0.9999858140945435,512.8961791992188,414.83819580078125,0.9999486207962036,658.6741333007812,732.5020141601562,0.9999758005142212
329,278.6524658203125,410.45928955078125,0.9999855756759644,512.87451171875,414.91168212890625,0.9999496936798096,649.2420043945312,735.1574096679688,0.9999418258666992
330,278.635009765625,410.45928955078125,0.9999858140945435,512.8652954101562,414.91168212890625,0.9999489784240723,639.464599609375,737.0298461914062,0.9999639987945557
331,278.6043395996094,410.4167175292969,0.9999858140945435,512.8477783203125,414.91168212890625,0.999948263168335,630.1633911132812,737.1627197265625,0.9999828338623047
332,278.5890197753906,410.4167175292969,0.999985933303833,512.8320922851562,414.91168212890625,0.9999470710754395,622.1422729492188,737.3482055664062,0.9999788999557495
333,278.5890197753906,410.4167175292969,0.999985933303833,512.8320922851562,414.9351806640625,0.9999468326568604,613.6343994140625,737.3482055664062,0.9999868869781494
334,278.6043395996094,410.44378662109375,0.9999858140945435,512.8477783203125,414.95147705078125,0.9999459981918335,607.1510009765625,737.3482055664062,0.9999767541885376
335,278.62451171875,410.44378662109375,0.999985933303833,512.8609008789062,414.95147705078125,0.9999477863311768,601.1685180664062,736.5054321289062,0.9999645948410034
336,278.62451171875,410.44378662109375,0.9999858140945435,512.8695068359375,414.9334411621094,0.9999474287033081,595.4437255859375,735.541748046875,0.999971866607666
337,278.6300048828125,410.44378662109375,0.9999855756759644,512.8746948242188,414.934326171875,0.9999487400054932,590.3948364257812,734.6378173828125,0.999911904335022
338,278.6361389160156,410.44378662109375,0.999985933303833,512.8800048828125,414.9334411621094,0.9999496936798096,585.6804809570312,732.7542114257812,0.9997928738594055
339,278.67486572265625,410.4603271484375,0.9999856948852539,512.91455078125,414.9334411621094,0.9999488592147827,582.6165771484375,730.8862915039062,0.9999415874481201
340,278.68701171875,410.46343994140625,0.999985933303833,512.9466552734375,414.88861083984375,0.9999508857727051,579.8901977539062,729.2620849609375,0.9999353885650635
341,278.72491455078125,410.4658203125,0.9999853372573853,512.9466552734375,414.8121032714844,0.9999499320983887,577.2913818359375,727.848876953125,0.9999526739120483
342,278.72735595703125,410.4789123535156,0.9999854564666748,512.9466552734375,414.805908203125,0.9999505281448364,574.8285522460938,726.722412109375,0.9999758005142212
343,278.72735595703125,410.4789123535156,0.9999854564666748,512.9612426757812,414.8121032714844,0.9999498128890991,572.263427734375,725.5553588867188,0.9999861717224121
344,278.75091552734375,410.4789123535156,0.9999855756759644,512.9697875976562,414.8121032714844,0.99994957447052,570.3270263671875,725.108154296875,0.999982476234436
345,278.75225830078125,410.4789123535156,0.9999853372573853,512.944580078125,414.8572998046875,0.9999516010284424,567.6524047851562,724.2139892578125,0.999977707862854
346,278.7670593261719,410.4789123535156,0.9999852180480957,512.9842529296875,414.8572998046875,0.9999507665634155,565.2125244140625,723.560302734375,0.9999890327453613
347,278.7670593261719,410.5262756347656,0.9999852180480957,512.9842529296875,414.8572998046875,0.9999516010284424,562.2986450195312,722.7861328125,0.9999885559082031
348,278.7670593261719,410.5262756347656,0.9999854564666748,512.9656372070312,414.8572998046875,0.9999521970748901,559.6923828125,722.5016479492188,0.9999771118164062
349,278.72039794921875,410.5262756347656,0.9999856948852539,512.9344482421875,414.8572998046875,0.9999499320983887,557.6007690429688,722.5016479492188,0.9999861717224121
350,278.6905212402344,410.5234375,0.9999855756759644,512.9297485351562,414.84588623046875,0.9999496936798096,555.0374145507812,722.5016479492188,0.9999860525131226
351,278.6885681152344,410.5234375,0.9999856948852539,512.9266357421875,414.8687438964844,0.9999485015869141,552.2806396484375,722.8206176757812,0.9999783039093018
352,278.6784973144531,410.5218505859375,0.9999855756759644,512.8951416015625,414.8687438964844,0.9999488592147827,549.4415283203125,723.4439697265625,0.99998939037323
353,278.6580810546875,410.5218505859375,0.9999856948852539,512.8933715820312,414.8687438964844,0.99994957447052,546.7144165039062,723.4884643554688,0.9999905824661255
354,278.6580810546875,410.5218505859375,0.9999856948852539,512.8878173828125,414.8687438964844,0.999948263168335,544.8658447265625,723.4884643554688,0.999987006187439
355,278.6490173339844,410.5218505859375,0.9999856948852539,512.8712768554688,414.8687438964844,0.9999490976333618,543.4747314453125,723.5159301757812,0.9999806880950928
356,278.6490173339844,410.5218505859375,0.999985933303833,512.8700561523438,414.8728332519531,0.9999476671218872,541.7728881835938,723.4884643554688,0.9999809265136719
357,278.6490173339844,410.467529296875,0.999985933303833,512.8700561523438,414.8996887207031,0.9999473094940186,539.710693359375,723.1953735351562,0.9999780654907227
358,278.64752197265625,410.467529296875,0.9999855756759644,512.8700561523438,414.92156982421875,0.9999501705169678,537.7606811523438,723.1776733398438,0.9999703168869019
359,278.64752197265625,410.467529296875,0.9999856948852539,512.908935546875,414.92156982421875,0.9999493360519409,535.7034301757812,723.1776733398438,0.9999743700027466
360,278.6501770019531,410.467529296875,0.9999854564666748,512.908935546875,414.92156982421875,0.9999485015869141,532.972412109375,723.1776733398438,0.9999854564666748
361,278.65753173828125,410.467529296875,0.9999855756759644,512.908935546875,414.92156982421875,0.9999490976333618,529.5520629882812,723.1776733398438,0.999985933303833
362,278.6812744140625,410.4474182128906,0.9999855756759644,512.9288330078125,414.908935546875,0.9999479055404663,526.22021484375,723.365478515625,0.9999783039093018
363,278.6867980957031,410.4474182128906,0.9999853372573853,512.9406127929688,414.8819274902344,0.9999481439590454,523.053466796875,723.4988403320312,0.9999806880950928
364,278.6954650878906,410.46759033203125,0.9999853372573853,512.9462890625,414.8819274902344,0.9999481439590454,518.8778076171875,724.0082397460938,0.99997878074646
365,278.6998596191406,410.46759033203125,0.9999854564666748,512.9462890625,414.8819274902344,0.9999508857727051,512.458251953125,724.2129516601562,0.9999839067459106
366,278.6954650878906,410.45166015625,0.9999852180480957,512.9624633789062,414.908935546875,0.99994957447052,506.8868408203125,725.7874755859375,0.9999793767929077
367,278.6954650878906,410.45166015625,0.9999853372573853,512.9624633789062,414.8825378417969,0.9999474287033081,500.1647644042969,727.418701171875,0.9999704360961914
368,278.6889953613281,410.45166015625,0.9999853372573853,512.9417114257812,414.9295654296875,0.9999479055404663,492.28167724609375,729.3389892578125,0.9999247789382935
369,278.6862487792969,410.44281005859375,0.9999853372573853,512.9417114257812,414.9453125,0.9999490976333618,484.33233642578125,729.3389892578125,0.9999476671218872
370,278.6862487792969,410.44281005859375,0.9999854564666748,512.9624633789062,414.9453125,0.9999481439590454,475.0443420410156,729.3389892578125,0.9999494552612305
371,278.67236328125,410.44281005859375,0.9999854564666748,512.9417114257812,414.9372863769531,0.9999483823776245,467.3975524902344,728.495361328125,0.9999467134475708
372,278.6587219238281,410.44281005859375,0.9999854564666748,512.9200439453125,414.9372863769531,0.9999475479125977,458.8309020996094,726.4178466796875,0.9999682903289795
373,278.6457214355469,410.44281005859375,0.9999854564666748,512.9122314453125,414.93603515625,0.9999475479125977,451.669189453125,725.1141967773438,0.9999865293502808
374,278.6457214355469,410.4580993652344,0.9999855756759644,512.8999633789062,414.93603515625,0.9999477863311768,444.69891357421875,724.5672607421875,0.9999769926071167
375,278.6169128417969,410.46478271484375,0.9999855756759644,512.8921508789062,414.8965759277344,0.9999483823776245,437.0838317871094,723.5157470703125,0.9999861717224121
376,278.61572265625,410.42486572265625,0.9999853372573853,512.8921508789062,414.8965759277344,0.9999474287033081,431.1038513183594,722.440673828125,0.999974250793457
377,278.6169128417969,410.42486572265625,0.9999858140945435,512.8921508789062,414.89837646484375,0.9999470710754395,426.0123291015625,722.2089233398438,0.999969482421875
378,278.6174011230469,410.4598388671875,0.9999858140945435,512.8921508789062,414.9359436035156,0.9999473094940186,421.0047912597656,722.2089233398438,0.9999849796295166
379,278.6174011230469,410.4598388671875,0.9999856948852539,512.9054565429688,414.9359436035156,0.9999494552612305,417.4249267578125,722.2089233398438,0.9999836683273315
380,278.6319885253906,410.4598388671875,0.9999856948852539,512.91064453125,414.9359436035156,0.9999476671218872,415.1712341308594,723.29345703125,0.9999619722366333
381,278.6549377441406,410.4598388671875,0.9999856948852539,512.9110717773438,414.9252624511719,0.9999470710754395,412.69866943359375,723.9437255859375,0.999967098236084
382,278.6852722167969,410.4598388671875,0.9999853372573853,512.9354248046875,414.9252624511719,0.9999481439590454,410.3625793457031,725.386962890625,0.9999547004699707
383,278.69281005859375,410.4905700683594,0.9999856948852539,512.94482421875,414.9252624511719,0.9999500513076782,407.640869140625,725.9722900390625,0.9999183416366577
384,278.71148681640625,410.4905700683594,0.9999855756759644,512.955078125,414.9103698730469,0.9999486207962036,405.9331359863281,726.8494873046875,0.9999402761459351
385,278.71148681640625,410.4905700683594,0.9999855756759644,512.955078125,414.9103698730469,0.9999481439590454,404.15081787109375,728.1117553710938,0.9999209642410278
386,278.7380676269531,410.4905700683594,0.9999850988388062,512.955078125,414.8926086425781,0.9999504089355469,401.77056884765625,728.8360595703125,0.9999313354492188
387,278.74365234375,410.4905700683594,0.9999855756759644,512.9953002929688,414.8926086425781,0.9999485015869141,399.6875,729.68701171875,0.9999059438705444
388,278.74365234375,410.53045654296875,0.9999853372573853,512.9873046875,414.8926086425781,0.9999501705169678,397.81536865234375,731.1245727539062,0.999799907207489
389,278.7380676269531,410.53045654296875,0.9999852180480957,512.9873046875,414.8926086425781,0.9999494552612305,395.0330505371094,732.3472900390625,0.999794065952301
390,278.730712890625,410.505859375,0.9999854564666748,512.9999389648438,414.9526672363281,0.9999477863311768,392.6773681640625,733.4076538085938,0.9998420476913452
391,278.7265319824219,410.505859375,0.9999856948852539,512.9873046875,414.9526672363281,0.9999488592147827,388.4940490722656,734.4974975585938,0.9999480247497559
392,278.7229309082031,410.505859375,0.9999856948852539,512.980224609375,414.95172119140625,0.9999505281448364,384.6966552734375,736.2574462890625,0.999968409538269
393,278.7229309082031,410.505859375,0.9999858140945435,512.9488525390625,414.89654541015625,0.9999505281448364,380.42169189453125,738.2540893554688,0.9999853372573853
394,278.709716796875,410.505859375,0.9999858140945435,512.9488525390625,414.95172119140625,0.9999474287033081,374.1041259765625,738.4055786132812,0.9999841451644897
395,278.6991271972656,410.47589111328125,0.9999858140945435,512.946533203125,414.89654541015625,0.999947190284729,367.2530822753906,739.6017456054688,0.9999773502349854
396,278.6929016113281,410.47589111328125,0.999985933303833,512.9421997070312,414.8899841308594,0.9999473094940186,359.19293212890625,740.1769409179688,0.9999759197235107
397,278.6754455566406,410.4961242675781,0.9999856948852539,512.9124755859375,414.8899841308594,0.9999504089355469,350.8372497558594,741.5158081054688,0.9999738931655884
398,278.6474914550781,410.4961242675781,0.9999860525131226,512.9237670898438,414.9579162597656,0.9999494552612305,339.9125671386719,742.8201904296875,0.999969482421875
399,278.63995361328125,410.4961242675781,0.9999860525131226,512.9124755859375,414.9579162597656,0.9999486207962036,328.4128723144531,745.1142578125,0.9998511075973511
400,278.6302795410156,410.4961242675781,0.9999860525131226,512.9124755859375,414.9579162597656,0.9999483823776245,315.5379943847656,747.15087890625,0.9998489618301392
401,278.6302795410156,410.4961242675781,0.9999862909317017,512.9124755859375,414.9579162597656,0.9999487400054932,300.7165222167969,748.2406005859375,0.999872088432312
402,278.604248046875,410.44891357421875,0.9999860525131226,512.8961181640625,414.95965576171875,0.9999514818191528,287.4093017578125,748.891845703125,0.999908447265625
403,278.604248046875,410.44891357421875,0.9999860525131226,512.8623657226562,414.8510437011719,0.9999498128890991,266.7286376953125,750.9786987304688,0.9999184608459473
404,278.604248046875,410.44891357421875,0.9999862909317017,512.8623657226562,414.8510437011719,0.9999488592147827,248.9342498779297,751.5574951171875,0.999962329864502
405,278.65167236328125,410.44891357421875,0.9999860525131226,512.8623657226562,414.8510437011719,0.9999490976333618,231.94735717773438,751.5574951171875,0.9999704360961914
406,278.65167236328125,410.44891357421875,0.9999861717224121,512.8988647460938,414.88336181640625,0.9999504089355469,218.073486328125,751.5574951171875,0.9999358654022217
407,278.6598815917969,410.5111999511719,0.9999856948852539,512.9409790039062,414.88336181640625,0.9999538660049438,206.3576202392578,751.06103515625,0.9999247789382935
408,278.6874084472656,410.5111999511719,0.9999860525131226,512.9492797851562,414.88336181640625,0.9999511241912842,196.19586181640625,750.9591674804688,0.9999560117721558
409,278.69805908203125,410.47607421875,0.9999856948852539,512.9583740234375,414.88336181640625,0.9999501705169678,186.98500061035156,750.3960571289062,0.9999046325683594
410,278.7394104003906,410.50830078125,0.9999856948852539,512.9583740234375,414.92041015625,0.9999512434005737,180.45584106445312,750.1004638671875,0.9999691247940063
411,278.7464904785156,410.5246887207031,0.9999854564666748,513.0150756835938,414.9212341308594,0.999953031539917,173.02212524414062,748.648681640625,0.9999126195907593
412,278.77532958984375,410.5714416503906,0.9999854564666748,513.0277709960938,414.9212341308594,0.999951958656311,166.51943969726562,747.6444702148438,0.9999669790267944
413,278.7822570800781,410.5528869628906,0.9999856948852539,513.029052734375,414.9512634277344,0.9999505281448364,159.73715209960938,747.0962524414062,0.9999613761901855
414,278.77532958984375,410.5528869628906,0.9999854564666748,513.0277709960938,414.9512634277344,0.9999512434005737,152.31430053710938,747.0962524414062,0.9999234676361084
415,278.7501525878906,410.5528869628906,0.9999854564666748,513.0150756835938,414.9512634277344,0.9999525547027588,144.8402099609375,747.0962524414062,0.9999685287475586
416,278.7501525878906,410.5528869628906,0.9999856948852539,513.004150390625,414.91363525390625,0.9999521970748901,138.47509765625,749.8895874023438,0.9998776912689209
417,278.7425537109375,410.5528869628906,0.9999855756759644,513.0032348632812,414.8913879394531,0.9999517202377319,129.99343872070312,751.81640625,0.999970555305481
418,278.7391052246094,410.5531005859375,0.9999858140945435,512.9521484375,414.8913879394531,0.9999504089355469,123.03274536132812,756.3341674804688,0.9999792575836182
419,278.7162170410156,410.5531005859375,0.9999853372573853,512.9418334960938,414.8568115234375,0.9999511241912842,114.4404067993164,759.1622314453125,0.9999731779098511
420,278.7154846191406,410.5531005859375,0.9999854564666748,512.9367065429688,414.8568115234375,0.9999498128890991,106.78170776367188,764.1473388671875,0.9998412132263184
421,278.6212158203125,410.5436706542969,0.9999856948852539,512.8953857421875,414.88214111328125,0.9999518394470215,98.39189910888672,766.7579956054688,0.9999704360961914
422,278.6212158203125,410.5436706542969,0.999985933303833,512.8348388671875,414.88214111328125,0.9999505281448364,91.19612121582031,770.0975341796875,0.9999828338623047
423,278.60821533203125,410.5436706542969,0.9999856948852539,512.8348388671875,414.88214111328125,0.9999476671218872,83.68055725097656,772.6339111328125,0.9999924898147583
424,278.57421875,410.5436706542969,0.9999855756759644,512.8280029296875,414.88214111328125,0.9999494552612305,79.20501708984375,775.28515625,0.9999667406082153
425,278.57421875,410.5436706542969,0.999985933303833,512.7999267578125,414.8738098144531,0.9999489784240723,73.44892120361328,776.7215576171875,0.9999454021453857
426,278.5711975097656,410.5420837402344,0.9999856948852539,512.7907104492188,414.8738098144531,0.9999493360519409,69.93900299072266,776.7383422851562,0.9999384880065918
427,278.5711975097656,410.5420837402344,0.9999858140945435,512.7907104492188,414.8738098144531,0.9999489784240723,66.7032699584961,776.9632568359375,0.9999562501907349
428,278.5711975097656,410.45025634765625,0.9999856948852539,512.7907104492188,414.8738098144531,0.9999474287033081,64.09870910644531,776.9632568359375,0.9999351501464844
429,278.5985107421875,410.45025634765625,0.9999856948852539,512.815673828125,414.8738098144531,0.9999475479125977,61.17064666748047,776.9632568359375,0.9999114274978638
430,278.6134948730469,410.4841613769531,0.9999855756759644,512.8692626953125,414.90899658203125,0.9999502897262573,58.016326904296875,775.7691650390625,0.9999278783798218
431,278.61767578125,410.4841613769531,0.9999855756759644,512.8778076171875,414.90899658203125,0.9999518394470215,55.12550354003906,774.1516723632812,0.9999454021453857
432,278.6287536621094,410.4841613769531,0.9999854564666748,512.9089965820312,414.96209716796875,0.9999492168426514,53.27182388305664,773.3193969726562,0.9999743700027466
433,278.6629943847656,410.4841613769531,0.9999854564666748,512.9113159179688,414.96209716796875,0.9999488592147827,52.1921501159668,772.866943359375,0.9999810457229614
434,278.6876525878906,410.4841613769531,0.9999850988388062,512.9585571289062,414.96209716796875,0.9999512434005737,51.059261322021484,772.0623168945312,0.9999834299087524
435,278.6895751953125,410.52484130859375,0.9999850988388062,512.9769897460938,414.9315185546875,0.999953031539917,50.4306640625,771.6397705078125,0.9999840259552002
436,278.7164001464844,410.52484130859375,0.9999852180480957,512.9795532226562,414.9315185546875,0.9999521970748901,49.83823776245117,771.2731323242188,0.9999833106994629
437,278.73699951171875,410.52484130859375,0.9999850988388062,513.0203247070312,414.9315185546875,0.9999507665634155,49.450538635253906,771.0662841796875,0.9999814033508301
438,278.78662109375,410.52484130859375,0.999984622001648,513.0457153320312,414.9315185546875,0.9999501705169678,49.450538635253906,770.781005859375,0.9999799728393555
439,278.78662109375,410.52484130859375,0.9999845027923584,513.0457153320312,414.9315185546875,0.9999511241912842,49.450538635253906,770.7163696289062,0.9999791383743286
440,278.78662109375,410.5231018066406,0.999984860420227,513.0457153320312,414.9273681640625,0.9999531507492065,49.489532470703125,770.7163696289062,0.9999809265136719
441,278.7427673339844,410.5231018066406,0.9999850988388062,512.9654541015625,414.8739929199219,0.9999531507492065,50.01464080810547,770.7163696289062,0.9999828338623047
442,278.717529296875,410.5231018066406,0.9999849796295166,512.9635620117188,414.8739929199219,0.9999510049819946,50.86614990234375,770.9419555664062,0.999984860420227
443,278.7132568359375,410.5231018066406,0.9999850988388062,512.9635620117188,414.9047546386719,0.9999510049819946,52.81447219848633,772.3201293945312,0.9999847412109375
444,278.7126770019531,410.5231018066406,0.9999849796295166,512.9503173828125,414.92626953125,0.9999500513076782,54.4466552734375,772.4044799804688,0.9999606609344482
445,278.6626281738281,410.53955078125,0.9999850988388062,512.9253540039062,414.92626953125,0.9999514818191528,55.32146072387695,772.4044799804688,0.9999667406082153
446,278.603271484375,410.533935546875,0.9999854564666748,512.8961181640625,414.9578552246094,0.9999505281448364,56.2029914855957,772.4044799804688,0.9999589920043945
447,278.59344482421875,410.4958190917969,0.9999853372573853,512.882080078125,414.9648132324219,0.9999493360519409,57.61577606201172,771.802490234375,0.999970555305481
448,278.59112548828125,410.4958190917969,0.9999854564666748,512.8591918945312,414.9648132324219,0.9999490976333618,59.149818420410156,770.975341796875,0.9999761581420898
449,278.59112548828125,410.4958190917969,0.9999855756759644,512.8521728515625,414.9648132324219,0.999948263168335,60.68989181518555,770.2540893554688,0.999975323677063
450,278.59344482421875,410.4958190917969,0.9999855756759644,512.8497924804688,414.9634094238281,0.9999501705169678,62.475074768066406,769.3904418945312,0.9999620914459229
451,278.59344482421875,410.4958190917969,0.9999855756759644,512.8521728515625,414.90185546875,0.9999500513076782,65.30670166015625,769.14697265625,0.9999829530715942
452,278.6275329589844,410.4504699707031,0.9999853372573853,512.8521728515625,414.90185546875,0.9999485015869141,67.09981536865234,768.5704345703125,0.999987006187439
453,278.6363220214844,410.4504699707031,0.9999854564666748,512.859375,414.8858947753906,0.9999492168426514,68.46895599365234,768.1452026367188,0.9999834299087524
454,278.6363220214844,410.4900207519531,0.9999853372573853,512.8695068359375,414.912109375,0.9999505281448364,69.57971954345703,767.4479370117188,0.999970555305481
455,278.6363220214844,410.4900207519531,0.9999852180480957,512.8836059570312,414.84576416015625,0.9999512434005737,70.68739318847656,766.6966552734375,0.9999364614486694
456,278.6363220214844,410.4900207519531,0.9999854564666748,512.8836059570312,414.84576416015625,0.9999504089355469,71.77448272705078,766.5582885742188,0.9998962879180908
457,278.6675720214844,410.4900207519531,0.9999854564666748,512.8836059570312,414.84576416015625,0.9999493360519409,72.69642639160156,766.1278686523438,0.9998445510864258
458,278.7015075683594,410.4900207519531,0.9999850988388062,512.8836059570312,414.8288269042969,0.9999493360519409,73.17481231689453,765.6530151367188,0.9997822642326355
459,278.70819091796875,410.4797058105469,0.9999852180480957,512.9848022460938,414.8288269042969,0.9999521970748901,73.81005096435547,765.0444946289062,0.9996651411056519
460,278.7096862792969,410.4797058105469,0.9999852180480957,512.9848022460938,414.8288269042969,0.9999535083770752,74.10253143310547,764.68798828125,0.9996892213821411
461,278.7096862792969,410.4797058105469,0.9999850988388062,512.9848022460938,414.8288269042969,0.9999521970748901,74.83881378173828,764.5909423828125,0.999686598777771
462,278.7281494140625,410.4649963378906,0.9999849796295166,512.9798583984375,414.8288269042969,0.9999512434005737,75.49291229248047,764.2582397460938,0.9996607303619385
463,278.7281494140625,410.4649963378906,0.9999850988388062,512.9532470703125,414.8580322265625,0.9999499320983887,76.29007720947266,763.64208984375,0.9996380805969238
464,278.7281494140625,410.578125,0.9999852180480957,512.9324951171875,414.8239440917969,0.9999523162841797,77.64971160888672,763.5970458984375,0.9996947050094604
465,278.7281494140625,410.59075927734375,0.9999852180480957,512.9324951171875,414.8541564941406,0.9999510049819946,77.98017120361328,763.0610961914062,0.9997290968894958
466,278.7281494140625,410.5238342285156,0.9999850988388062,512.9393310546875,414.8680114746094,0.9999494552612305,77.98017120361328,762.9122314453125,0.9997319579124451
467,278.72650146484375,410.5238342285156,0.9999849796295166,512.9365844726562,414.8541564941406,0.9999517202377319,77.98017120361328,762.5159912109375,0.999729335308075
468,278.72650146484375,410.5238342285156,0.9999852180480957,512.9365844726562,414.8541564941406,0.9999504089355469,77.73807525634766,761.4196166992188,0.9997878670692444
469,278.7232971191406,410.5238342285156,0.9999852180480957,512.9365844726562,414.8559265136719,0.9999516010284424,77.7114028930664,760.752197265625,0.9998528957366943
470,278.7232971191406,410.5238342285156,0.9999854564666748,512.9259643554688,414.8905029296875,0.9999514818191528,77.65968322753906,760.4671630859375,0.9998736381530762
471,278.7054443359375,410.5278015136719,0.9999850988388062,512.9259643554688,414.8905029296875,0.99994957447052,77.65968322753906,760.3961181640625,0.9998729228973389
472,278.7054443359375,410.5278015136719,0.9999850988388062,512.9052734375,414.8905029296875,0.999950647354126,77.54340362548828,760.22705078125,0.9998805522918701
473,278.7054443359375,410.5278015136719,0.9999853372573853,512.9052734375,414.93206787109375,0.9999496936798096,77.47341918945312,759.9183959960938,0.9999030828475952
474,278.64129638671875,410.51580810546875,0.9999856948852539,512.856689453125,414.8905029296875,0.9999505281448364,77.2307357788086,759.7142944335938,0.9999246597290039
475,278.64129638671875,410.51580810546875,0.9999853372573853,512.8931884765625,414.8890380859375,0.9999488592147827,77.08760833740234,759.7142944335938,0.9999128580093384
476,278.64129638671875,410.51055908203125,0.9999856948852539,512.8931884765625,414.83624267578125,0.9999487400054932,77.03577423095703,759.7142944335938,0.9999068975448608
477,278.6441650390625,410.51055908203125,0.9999854564666748,512.8931884765625,414.83624267578125,0.999950647354126,76.89564514160156,759.9360961914062,0.9998979568481445
478,278.6706848144531,410.51055908203125,0.9999854564666748,512.9049072265625,414.83624267578125,0.9999501705169678,76.5619125366211,759.9906616210938,0.9998959302902222
479,278.6843566894531,410.47601318359375,0.9999854564666748,512.908203125,414.8988342285156,0.9999500513076782,76.1832504272461,760.0350952148438,0.9998940229415894
480,278.6861877441406,410.47601318359375,0.9999855756759644,512.9083251953125,414.8988342285156,0.9999510049819946,75.94892120361328,760.1077270507812,0.9998794794082642
481,278.67694091796875,410.47601318359375,0.9999852180480957,512.919921875,414.9354553222656,0.999950647354126,75.59920501708984,760.1200561523438,0.9998741149902344
482,278.6875915527344,410.48980712890625,0.9999854564666748,512.9407348632812,414.8988342285156,0.9999502897262573,75.24478912353516,760.443115234375,0.9998419284820557
483,278.6951599121094,410.5324401855469,0.9999854564666748,512.919921875,414.7985534667969,0.9999510049819946,75.04402160644531,760.5297241210938,0.999826967716217
484,278.7020568847656,410.5324401855469,0.9999853372573853,512.919921875,414.7985534667969,0.9999501705169678,74.82487487792969,760.8934326171875,0.9997803568840027
485,278.7154541015625,410.51580810546875,0.9999854564666748,512.9570922851562,414.93304443359375,0.9999505281448364,74.5926513671875,761.286376953125,0.999721348285675
486,278.7154541015625,410.51580810546875,0.9999853372573853,512.9570922851562,414.9093322753906,0.999950647354126,74.38204193115234,761.4743041992188,0.999700665473938
487,278.7154541015625,410.4552307128906,0.9999850988388062,512.91943359375,414.91497802734375,0.9999505281448364,74.1852035522461,761.5780639648438,0.999670147895813
488,278.7073669433594,410.4552307128906,0.9999853372573853,512.962890625,414.93304443359375,0.9999502897262573,74.18235778808594,761.623291015625,0.9996800422668457
489,278.7073669433594,410.4552307128906,0.9999858140945435,512.915771484375,414.91497802734375,0.9999500513076782,74.07733154296875,761.8939819335938,0.9996216297149658
490,278.68438720703125,410.50201416015625,0.9999854564666748,512.9019165039062,414.9093322753906,0.999950647354126,74.01323699951172,761.9189453125,0.9996225833892822
491,278.68438720703125,410.50201416015625,0.9999853372573853,512.8920288085938,414.87249755859375,0.9999526739120483,74.00653076171875,761.96337890625,0.9995749592781067
492,278.68438720703125,410.50201416015625,0.9999856948852539,512.8920288085938,414.8710632324219,0.9999498128890991,74.00653076171875,762.1527709960938,0.9995779395103455
493,278.6640625,410.53948974609375,0.9999858140945435,512.8782958984375,414.8625183105469,0.9999505281448364,74.00355529785156,762.1649169921875,0.9996212720870972
494,278.6640625,410.53948974609375,0.9999856948852539,512.871826171875,414.8710632324219,0.9999501705169678,73.98175811767578,762.2232055664062,0.9995664954185486
495,278.6640625,410.4745178222656,0.9999858140945435,512.871826171875,414.87249755859375,0.9999496936798096,73.9106674194336,762.3914184570312,0.9995226860046387
496,278.6676025390625,410.4745178222656,0.999985933303833,512.871826171875,414.8833923339844,0.9999513626098633,73.28436279296875,762.7902221679688,0.9994332194328308
497,278.6676025390625,410.4745178222656,0.9999854564666748,512.8826904296875,414.88397216796875,0.9999504089355469,73.28436279296875,762.7902221679688,0.999442994594574
498,278.67022705078125,410.4745178222656,0.9999856948852539,512.8880004882812,414.88397216796875,0.9999505281448364,73.22126007080078,762.7902221679688,0.9994264841079712
499,278.6839904785156,410.4745178222656,0.9999858140945435,512.8944091796875,414.88397216796875,0.9999492168426514,73.13749694824219,762.7542114257812,0.9994663596153259
500,278.6737060546875,410.4424133300781,0.9999860525131226,512.8944091796875,414.8454284667969,0.9999487400054932,73.035888671875,762.744384765625,0.9995073080062866
501,278.6737060546875,410.4424133300781,0.9999856948852539,512.9083862304688,414.8454284667969,0.9999507665634155,72.77813720703125,762.7269897460938,0.9996187686920166
502,278.68170166015625,410.47393798828125,0.9999860525131226,512.9083862304688,414.8081970214844,0.9999493360519409,72.59475708007812,762.6853637695312,0.9996557235717773
503,278.6839904785156,410.47393798828125,0.999985933303833,512.9109497070312,414.8391418457031,0.9999496936798096,72.271728515625,762.6853637695312,0.9997144341468811
504,278.68408203125,410.45513916015625,0.9999856948852539,512.9229125976562,414.81744384765625,0.9999488592147827,72.0456314086914,762.6853637695312,0.9997467398643494
505,278.68408203125,410.45513916015625,0.9999860525131226,512.9109497070312,414.8391418457031,0.999950647354126,71.84638214111328,762.6853637695312,0.9997747540473938
506,278.68408203125,410.45513916015625,0.9999861717224121,512.9113159179688,414.8391418457031,0.9999496936798096,71.66380310058594,762.6853637695312,0.9998061060905457
507,278.6723937988281,410.42437744140625,0.9999862909317017,512.9109497070312,414.8391418457031,0.9999480247497559,71.47285461425781,762.6453857421875,0.9998278617858887
508,278.6723937988281,410.42437744140625,0.9999864101409912,512.9066772460938,414.8686828613281,0.9999493360519409,71.23888397216797,762.6453857421875,0.9998414516448975
509,278.6702575683594,410.42437744140625,0.9999862909317017,512.9000854492188,414.8686828613281,0.9999494552612305,71.17726135253906,762.6453857421875,0.9998446702957153
510,278.6423645019531,410.42437744140625,0.9999864101409912,512.89111328125,414.8686828613281,0.9999510049819946,70.8987808227539,762.8775024414062,0.9998733997344971
511,278.6423645019531,410.42437744140625,0.9999865293502808,512.8573608398438,414.8686828613281,0.9999499320983887,70.64935302734375,763.0368041992188,0.9998922348022461
512,278.6423645019531,410.42181396484375,0.9999866485595703,512.8573608398438,414.8686828613281,0.999946117401123,70.64776611328125,763.127197265625,0.9998900890350342
513,278.6423645019531,410.42181396484375,0.9999865293502808,512.8482055664062,414.86700439453125,0.9999480247497559,70.29004669189453,763.9334106445312,0.9999117851257324
514,278.64788818359375,410.42181396484375,0.9999867677688599,512.8573608398438,414.8348693847656,0.9999477863311768,69.82046508789062,765.4198608398438,0.9999375343322754
515,278.64788818359375,410.42181396484375,0.9999868869781494,512.8577270507812,414.7859191894531,0.9999490976333618,69.49189758300781,767.2290649414062,0.999957799911499
516,278.64788818359375,410.42181396484375,0.9999868869781494,512.8577270507812,414.7859191894531,0.9999469518661499,68.26687622070312,768.5428466796875,0.9999747276306152
517,278.64813232421875,410.4226989746094,0.9999868869781494,512.8589477539062,414.7994384765625,0.9999474287033081,66.49259185791016,769.8157958984375,0.9999783039093018
518,278.6607971191406,410.4226989746094,0.9999868869781494,512.8721313476562,414.7994384765625,0.9999467134475708,64.58458709716797,771.8546752929688,0.9999769926071167
519,278.66265869140625,410.4566345214844,0.9999868869781494,512.8951416015625,414.8063049316406,0.9999487400054932,61.5843505859375,773.05419921875,0.9999655485153198
520,278.66265869140625,410.4566345214844,0.9999866485595703,512.9083862304688,414.8465576171875,0.9999499320983887,59.319175720214844,774.3301391601562,0.9999597072601318
521,278.67999267578125,410.4566345214844,0.9999871253967285,512.9191284179688,414.8465576171875,0.999950647354126,57.198036193847656,774.7099609375,0.9999217987060547
522,278.68756103515625,410.4566345214844,0.999987006187439,512.925537109375,414.8465576171875,0.9999483823776245,53.70895004272461,775.9013671875,0.9999195337295532
523,278.7165832519531,410.428955078125,0.999987006187439,512.925537109375,414.8310546875,0.9999474287033081,49.92951202392578,777.9666748046875,0.9999192953109741
524,278.7165832519531,410.3857727050781,0.9999868869781494,512.9262084960938,414.8169860839844,0.9999502897262573,47.2664680480957,780.2575073242188,0.9998593330383301
525,278.7165832519531,410.407470703125,0.9999867677688599,512.9356689453125,414.78387451171875,0.9999498128890991,44.92695236206055,781.3644409179688,0.9998593330383301
526,278.6623229980469,410.428955078125,0.999987006187439,512.9262084960938,414.8169860839844,0.9999488592147827,41.85990524291992,783.0069580078125,0.9999079704284668
527,278.6623229980469,410.428955078125,0.9999871253967285,512.9262084960938,414.7948303222656,0.9999489784240723,38.44352340698242,784.3815307617188,0.9999557733535767
528,278.6623229980469,410.44781494140625,0.999987006187439,512.9262084960938,414.7948303222656,0.9999493360519409,36.58010482788086,786.15380859375,0.9999756813049316
529,278.6866149902344,410.44781494140625,0.9999867677688599,512.8992309570312,414.8008728027344,0.9999499320983887,34.75740432739258,787.4864501953125,0.9999728202819824
530,278.6866149902344,410.44781494140625,0.9999868869781494,512.8992309570312,414.8008728027344,0.9999494552612305,33.545501708984375,788.9440307617188,0.9999579191207886
531,278.6866149902344,410.4363098144531,0.9999872446060181,512.908203125,414.7984619140625,0.9999473094940186,32.66095733642578,790.4051513671875,0.9999163150787354
532,278.66558837890625,410.4363098144531,0.9999871253967285,512.8992309570312,414.8008728027344,0.9999480247497559,31.660398483276367,791.6688232421875,0.9997782111167908
533,278.6634216308594,410.3954772949219,0.999987006187439,512.8665161132812,414.8008728027344,0.9999475479125977,30.698827743530273,792.3611450195312,0.9996762275695801
534,278.6563720703125,410.3825988769531,0.999987006187439,512.9049682617188,414.7984619140625,0.9999480247497559,30.2088565826416,792.9540405273438,0.9996930360794067
535,278.6563720703125,410.3825988769531,0.9999868869781494,512.8665161132812,414.8128967285156,0.999945878982544,29.75832748413086,793.08984375,0.999642014503479
536,278.6634216308594,410.44769287109375,0.9999871253967285,512.86181640625,414.8201599121094,0.9999454021453857,29.318872451782227,793.3388671875,0.9995782971382141
537,278.6563720703125,410.4692687988281,0.999987006187439,512.8543701171875,414.8613586425781,0.9999479055404663,28.052799224853516,793.4954223632812,0.9995834231376648
538,278.65386962890625,410.4692687988281,0.9999868869781494,512.849853515625,414.8613586425781,0.9999475479125977,27.76075553894043,794.075439453125,0.99945467710495
539,278.6444091796875,410.4692687988281,0.9999868869781494,512.843017578125,414.8613586425781,0.9999459981918335,27.3555850982666,794.6624755859375,0.9995405673980713
540,278.6444091796875,410.3992614746094,0.9999871253967285,512.843017578125,414.851806640625,0.9999411106109619,27.14004898071289,795.2719116210938,0.9996052384376526
541,278.6444091796875,410.3992614746094,0.999987006187439,512.849853515625,414.851806640625,0.999941349029541,26.389923095703125,795.9172973632812,0.9996071457862854
542,278.68170166015625,410.3992614746094,0.9999867677688599,512.8405151367188,414.851806640625,0.9999443292617798,26.023353576660156,796.5157470703125,0.9996100068092346
543,278.68170166015625,410.3992614746094,0.9999865293502808,512.8827514648438,414.851806640625,0.9999457597732544,25.548736572265625,797.2357177734375,0.9996501207351685
544,278.68170166015625,410.3992614746094,0.9999867677688599,512.8827514648438,414.851806640625,0.9999444484710693,25.547954559326172,798.4577026367188,0.9997298121452332
545,278.668212890625,410.3746032714844,0.9999866485595703,512.8784790039062,414.9156799316406,0.9999411106109619,25.203327178955078,799.7994384765625,0.9998100399971008
546,278.668212890625,410.3746032714844,0.9999868869781494,512.8784790039062,414.9394226074219,0.999940037727356,25.200416564941406,801.44970703125,0.9998761415481567
547,278.668212890625,410.3746032714844,0.9999867677688599,512.8921508789062,414.9394226074219,0.9999423027038574,24.476028442382812,803.2714233398438,0.999914288520813
548,278.6884460449219,410.3746032714844,0.9999866485595703,512.8921508789062,414.9394226074219,0.9999462366104126,23.900583267211914,806.0278930664062,0.999921441078186
549,278.6884460449219,410.3746032714844,0.9999866485595703,512.8921508789062,414.9394226074219,0.9999455213546753,22.694889068603516,809.2472534179688,0.9998314380645752
550,278.6884460449219,410.3392333984375,0.9999867677688599,512.914306640625,414.9115905761719,0.9999419450759888,20.3312931060791,812.924072265625,0.9999421834945679
551,278.6871337890625,410.3392333984375,0.999987006187439,512.914306640625,414.9115905761719,0.9999399185180664,20.18170166015625,817.4107055664062,0.9989344477653503
552,278.67828369140625,410.3392333984375,0.999987006187439,512.9236450195312,414.9115905761719,0.9999415874481201,18.927114486694336,820.4719848632812,0.982238233089447
553,278.6661682128906,410.3392333984375,0.9999872446060181,512.9236450195312,414.9140930175781,0.9999425411224365,18.927114486694336,821.7818603515625,0.994823694229126
554,278.67828369140625,410.3392333984375,0.9999872446060181,512.9236450195312,414.9654541015625,0.9999402761459351,19.278074264526367,824.7203979492188,0.999221920967102
555,278.68218994140625,410.3836669921875,0.9999872446060181,512.944580078125,415.0010986328125,0.999937891960144,18.8979434967041,826.3790283203125,0.9997815489768982
556,278.6661682128906,410.3836669921875,0.9999871253967285,512.944580078125,415.0010986328125,0.9999383687973022,18.13649559020996,831.5696411132812,0.9996933937072754
557,278.6661682128906,410.27398681640625,0.9999873638153076,512.9581298828125,414.9654541015625,0.999940037727356,16.032367706298828,837.7490234375,0.9991335272789001
558,278.66546630859375,410.272705078125,0.9999877214431763,512.96142578125,414.9692687988281,0.9999386072158813,12.744457244873047,845.1416625976562,0.8086124658584595
559,278.6379699707031,410.3327941894531,0.9999876022338867,512.9805908203125,415.04132080078125,0.999933123588562,12.744457244873047,849.0165405273438,0.04793165624141693
560,278.6379699707031,410.3327941894531,0.9999876022338867,512.9912109375,415.04132080078125,0.9999308586120605,12.744457244873047,850.8348999023438,0.0047818394377827644
561,278.6379699707031,410.30718994140625,0.9999878406524658,513.0078125,415.04132080078125,0.9999313354492188,29.900529861450195,850.8348999023438,0.010013320483267307
562,278.6379699707031,410.30718994140625,0.9999874830245972,513.0402221679688,415.04132080078125,0.9999327659606934,29.900529861450195,850.975341796875,0.12702040374279022
563,278.6379699707031,410.30718994140625,0.9999878406524658,513.0402221679688,415.04132080078125,0.9999277591705322,41.46253967285156,850.975341796875,0.0017873343313112855
564,278.60028076171875,410.2373352050781,0.9999880790710449,513.0408325195312,415.11016845703125,0.9999163150787354,267.1534118652344,429.4327392578125,0.0038274803664535284
565,278.60028076171875,410.2373352050781,0.9999878406524658,513.0408325195312,415.11016845703125,0.9999134540557861,267.1534118652344,429.4273681640625,0.0018105702474713326
566,278.58978271484375,410.2348937988281,0.9999881982803345,513.0836791992188,415.11016845703125,0.9999113082885742,267.1534118652344,429.4273681640625,0.0017571678617969155
567,278.58978271484375,410.2348937988281,0.999988317489624,513.154541015625,415.11016845703125,0.9999104738235474,273.76593017578125,397.39501953125,0.0017168289050459862
568,278.5710754394531,410.2348937988281,0.9999881982803345,513.1700439453125,415.11016845703125,0.9999027252197266,273.76593017578125,397.3531494140625,0.0016964885871857405
569,278.56317138671875,410.0849609375,0.9999874830245972,513.3508911132812,414.9878845214844,0.999862790107727,273.76593017578125,396.7554016113281,0.001839896896854043
570,278.5516662597656,410.0849609375,0.9999877214431763,513.354736328125,414.9878845214844,0.999855637550354,273.76593017578125,396.71142578125,0.00177861494012177
571,278.513916015625,410.0789794921875,0.9999878406524658,513.4122314453125,414.9377746582031,0.9998350143432617,273.7607727050781,396.70831298828125,0.0018193592550233006
572,278.484375,410.0789794921875,0.9999877214431763,513.5014038085938,414.9377746582031,0.9998070597648621,273.7577819824219,396.70770263671875,0.0017311143456026912
573,278.4814453125,410.0789794921875,0.9999874830245972,513.6990966796875,414.9342346191406,0.99973064661026,273.751953125,396.6681213378906,0.0018003439763560891
574,278.47515869140625,410.0789794921875,0.999987006187439,513.8660278320312,414.9223937988281,0.9996091723442078,273.7327880859375,396.637451171875,0.0018382591661065817
575,278.4257507324219,410.0789794921875,0.9999866485595703,513.9614868164062,414.9053649902344,0.9994093179702759,273.73211669921875,396.62689208984375,0.0018253582529723644
576,278.4135437011719,409.96044921875,0.9999868869781494,513.9614868164062,414.7651672363281,0.9993321299552917,273.71258544921875,396.6238098144531,0.0017762284260243177
577,278.3830261230469,409.96044921875,0.9999866485595703,513.9614868164062,414.7651672363281,0.9987829327583313,273.70867919921875,396.62371826171875,0.001749774324707687
