scorer,DLC_resnet50_Shuffling_LargePoleOct14shuffle1_475000,DLC_resnet50_Shuffling_LargePoleOct14shuffle1_475000,DLC_resnet50_Shuffling_LargePoleOct14shuffle1_475000,DLC_resnet50_Shuffling_LargePoleOct14shuffle1_475000,DLC_resnet50_Shuffling_LargePoleOct14shuffle1_475000,DLC_resnet50_Shuffling_LargePoleOct14shuffle1_475000,DLC_resnet50_Shuffling_LargePoleOct14shuffle1_475000,DLC_resnet50_Shuffling_LargePoleOct14shuffle1_475000,DLC_resnet50_Shuffling_LargePoleOct14shuffle1_475000,DLC_resnet50_Shuffling_LargePoleOct14shuffle1_475000,DLC_resnet50_Shuffling_LargePoleOct14shuffle1_475000,DLC_resnet50_Shuffling_LargePoleOct14shuffle1_475000,DLC_resnet50_Shuffling_LargePoleOct14shuffle1_475000,DLC_resnet50_Shuffling_LargePoleOct14shuffle1_475000,DLC_resnet50_Shuffling_LargePoleOct14shuffle1_475000
bodyparts,woodL,woodL,woodL,woodR,woodR,woodR,neck,neck,neck,Lead,Lead,Lead,Lag,Lag,Lag
coords,x,y,likelihood,x,y,likelihood,x,y,likelihood,x,y,likelihood,x,y,likelihood
0,229.9709014892578,397.2686767578125,0.9999984502792358,834.9774780273438,404.8585510253906,0.9999988079071045,841.8781127929688,415.4227600097656,0.002203163458034396,827.9788208007812,408.36700439453125,0.002143686870113015,828.5848388671875,410.57220458984375,0.0021179032046347857
1,229.97854614257812,397.26934814453125,0.9999985694885254,834.9979248046875,405.0508117675781,0.999998927116394,841.8781127929688,415.42657470703125,0.002363341860473156,827.9913940429688,408.4200439453125,0.002071882365271449,828.6380004882812,410.666015625,0.0020357011817395687
2,230.00619506835938,397.26934814453125,0.9999985694885254,835.02734375,405.1797790527344,0.999998927116394,841.8781127929688,415.42657470703125,0.002566790906712413,889.7936401367188,708.7144165039062,0.0340079627931118,890.5029907226562,709.336669921875,0.5617277026176453
3,230.00619506835938,397.26934814453125,0.9999985694885254,835.0611572265625,405.31353759765625,0.999998927116394,841.8400268554688,415.4227600097656,0.002627934329211712,889.7936401367188,710.3592529296875,0.9117692708969116,890.5029907226562,709.336669921875,0.028938492760062218
4,230.0477752685547,397.26934814453125,0.9999984502792358,835.1232299804688,405.41949462890625,0.999998927116394,841.806396484375,415.4024353027344,0.0027754385955631733,889.7936401367188,715.2569580078125,0.9841442108154297,890.5029907226562,709.336669921875,0.002612709766253829
5,230.05638122558594,397.26727294921875,0.9999984502792358,835.3533935546875,405.5893249511719,0.999998927116394,841.794921875,415.4018859863281,0.002850158838555217,889.7936401367188,715.911865234375,0.9920303821563721,828.7177734375,410.850341796875,0.00206020288169384
6,230.12823486328125,397.26727294921875,0.9999983310699463,835.3533935546875,405.69622802734375,0.999998927116394,841.794921875,415.39825439453125,0.002979283221065998,889.7936401367188,716.210205078125,0.9903353452682495,828.672607421875,410.850341796875,0.0019798881839960814
7,230.12823486328125,397.2771301269531,0.9999984502792358,835.3533935546875,405.7021179199219,0.999998927116394,841.794921875,415.39825439453125,0.0029861165676265955,890.3305053710938,716.210205078125,0.9987402558326721,828.672607421875,410.8266906738281,0.001968089258298278
8,230.05638122558594,397.3230285644531,0.9999984502792358,835.2845458984375,405.8463439941406,0.999998927116394,841.85888671875,415.4024353027344,0.002985253231599927,890.3305053710938,716.182373046875,0.9981124401092529,828.7177734375,410.850341796875,0.0019010711694136262
9,230.05638122558594,397.3289794921875,0.9999985694885254,835.2845458984375,405.8692626953125,0.999998927116394,903.193603515625,604.7649536132812,0.9567780494689941,890.3305053710938,716.182373046875,0.9976929426193237,841.5115966796875,410.9143981933594,0.0018638124456629157
10,230.0796661376953,397.3438720703125,0.9999985694885254,835.2761840820312,405.8837585449219,0.999998927116394,903.193603515625,605.4117431640625,0.9988768696784973,889.7177124023438,716.210205078125,0.9967226386070251,882.3353881835938,717.2596435546875,0.006361041683703661
11,230.0796661376953,397.36474609375,0.9999985694885254,835.2845458984375,405.9585266113281,0.999998927116394,903.193603515625,605.9086303710938,0.9999006986618042,887.593505859375,716.2958374023438,0.9972615242004395,882.3353881835938,717.488525390625,0.07712538540363312
12,230.12742614746094,397.3700256347656,0.9999984502792358,835.254150390625,406.00994873046875,0.999998927116394,896.1435546875,606.0430908203125,0.9999228715896606,886.4136352539062,716.468017578125,0.9987976551055908,882.3353881835938,717.514404296875,0.27128973603248596
13,230.12742614746094,397.3721923828125,0.9999985694885254,835.254150390625,406.0223693847656,0.999998927116394,888.884033203125,607.7938842773438,0.9999443292617798,884.6417236328125,716.8992919921875,0.9983267188072205,881.5675048828125,717.83837890625,0.5704882740974426
14,230.12742614746094,397.4210205078125,0.9999985694885254,835.254150390625,406.07940673828125,0.999998927116394,881.1829223632812,607.7938842773438,0.999988317489624,882.810791015625,717.1314697265625,0.9989776611328125,881.5675048828125,717.9446411132812,0.4195495843887329
15,230.0956268310547,397.419921875,0.9999985694885254,835.3240966796875,406.0919494628906,0.9999990463256836,873.8449096679688,607.7938842773438,0.999962568283081,881.7061767578125,717.5020751953125,0.9992413520812988,881.42431640625,718.0796508789062,0.218170166015625
16,230.0956268310547,397.4552001953125,0.9999985694885254,835.3480224609375,406.2029113769531,0.9999990463256836,867.0983276367188,607.6996459960938,0.9999947547912598,881.340576171875,717.5935668945312,0.9993864297866821,881.2940673828125,718.1942749023438,0.144255593419075
17,230.0956268310547,397.4552001953125,0.9999985694885254,835.3794555664062,406.2098693847656,0.9999990463256836,861.7936401367188,606.2886352539062,0.9999768733978271,880.6346435546875,717.6453247070312,0.9994118213653564,881.2940673828125,718.3348388671875,0.07459366321563721
18,230.0956268310547,397.4552001953125,0.9999984502792358,835.3794555664062,406.285400390625,0.999998927116394,856.44091796875,606.2158203125,0.9999842643737793,879.8778686523438,717.6453247070312,0.9996654987335205,880.5839233398438,718.3348388671875,0.050239432603120804
19,230.0956268310547,397.4649658203125,0.9999984502792358,835.3794555664062,406.2098693847656,0.9999990463256836,850.8592529296875,605.83056640625,0.9999954700469971,879.6273803710938,717.6453247070312,0.9997773766517639,880.1399536132812,718.3348388671875,0.03189297392964363
20,230.11436462402344,397.5018005371094,0.9999984502792358,835.3150024414062,406.2649841308594,0.999998927116394,847.0527954101562,605.749755859375,0.999976634979248,878.9367065429688,717.1293334960938,0.9998300075531006,879.1015625,718.0722045898438,0.02122674509882927
21,230.11436462402344,397.5018005371094,0.9999984502792358,835.3150024414062,406.33660888671875,0.999998927116394,843.4856567382812,605.1405639648438,0.9999818801879883,877.9337158203125,716.6787719726562,0.9998262524604797,878.166259765625,718.0028076171875,0.023445364087820053
22,230.1298828125,397.5018005371094,0.9999984502792358,835.3150024414062,406.29718017578125,0.999998927116394,840.52001953125,604.0037841796875,0.9999816417694092,877.2304077148438,716.4067993164062,0.9998542070388794,877.4942016601562,717.6567993164062,0.014333372935652733
23,230.14097595214844,397.5047607421875,0.9999984502792358,835.3831176757812,406.29718017578125,0.999998927116394,838.3515014648438,602.8406372070312,0.9999914169311523,876.37841796875,715.8328247070312,0.9996458292007446,876.319091796875,716.9799194335938,0.02729613147675991
24,230.14097595214844,397.5047607421875,0.9999984502792358,835.4055786132812,406.33660888671875,0.9999990463256836,835.8861694335938,602.3297119140625,0.9999942779541016,875.496826171875,715.8238525390625,0.9989368319511414,875.5122680664062,716.3430786132812,0.0754382535815239
25,230.1298828125,397.5047607421875,0.9999984502792358,835.4055786132812,406.33660888671875,0.999998927116394,834.2406005859375,600.6148681640625,0.9999961853027344,873.672119140625,715.358642578125,0.9801563024520874,872.1768798828125,716.0615234375,0.6451330184936523
26,230.1079559326172,397.5047607421875,0.9999984502792358,835.4055786132812,406.3276672363281,0.999998927116394,832.3283081054688,599.7863159179688,0.9999953508377075,872.3850708007812,715.3048095703125,0.8630830645561218,871.5682983398438,715.6715698242188,0.9029328227043152
27,230.0455780029297,397.5081787109375,0.9999985694885254,835.3236694335938,406.3276672363281,0.999998927116394,829.9835205078125,599.2847290039062,0.9999943971633911,871.915283203125,715.13525390625,0.9974147081375122,869.9694213867188,715.5169677734375,0.41946008801460266
28,230.02780151367188,397.530517578125,0.9999984502792358,835.3236694335938,406.3230285644531,0.9999990463256836,826.9696655273438,599.2847290039062,0.9999940395355225,868.6663208007812,714.31787109375,0.9999797344207764,867.61669921875,713.2083740234375,0.04553067684173584
29,230.02780151367188,397.55340576171875,0.9999984502792358,835.3236694335938,406.3230285644531,0.9999990463256836,823.8812255859375,599.2847290039062,0.9999929666519165,862.904052734375,711.9970703125,0.9999949932098389,862.4783325195312,710.8761596679688,0.010079813189804554
30,230.02780151367188,397.55340576171875,0.9999984502792358,835.3328247070312,406.2538146972656,0.9999990463256836,820.4409790039062,599.66650390625,0.9999967813491821,851.0952758789062,710.3410034179688,0.9999994039535522,849.6337890625,710.5232543945312,0.004767487291246653
31,230.1177978515625,397.57855224609375,0.9999984502792358,835.3328247070312,406.2538146972656,0.9999990463256836,817.4502563476562,600.0610961914062,0.9999936819076538,832.398681640625,708.6353149414062,0.9993237257003784,829.2755126953125,709.4130859375,0.662733256816864
32,230.1177978515625,397.57855224609375,0.9999984502792358,835.3328247070312,406.2464599609375,0.9999990463256836,814.1928100585938,600.3060302734375,0.9999810457229614,811.373046875,706.2547607421875,0.9993395209312439,813.3890991210938,707.5113525390625,0.09946449846029282
33,230.1177978515625,397.5821533203125,0.9999983310699463,835.3182373046875,406.2464599609375,0.9999990463256836,808.6438598632812,600.7286376953125,0.9999183416366577,796.41162109375,705.75244140625,0.9999094009399414,800.8257446289062,707.5113525390625,0.043326281011104584
34,230.1177978515625,397.587646484375,0.9999984502792358,835.2964477539062,406.2464599609375,0.999998927116394,802.865478515625,601.2505493164062,0.9999637603759766,780.7720336914062,705.75244140625,0.9999732971191406,782.3488159179688,707.5113525390625,0.01036904752254486
35,230.13229370117188,397.6922302246094,0.9999983310699463,835.2727661132812,406.2464599609375,0.999998927116394,796.63671875,601.7539672851562,0.9999144077301025,766.8470458984375,705.75244140625,0.9994503855705261,765.8960571289062,708.4033813476562,0.3294651210308075
36,230.13229370117188,397.6922302246094,0.9999983310699463,835.2727661132812,406.243408203125,0.999998927116394,787.380615234375,603.4448852539062,0.9999916553497314,766.4301147460938,711.790283203125,0.9994530081748962,765.8960571289062,708.4033813476562,0.14234302937984467
37,230.13229370117188,397.6947326660156,0.9999983310699463,835.281494140625,406.3232116699219,0.9999990463256836,779.6566162109375,603.7743530273438,0.9999654293060303,766.4301147460938,714.1044311523438,0.9999523162841797,765.8960571289062,708.4033813476562,0.003121898276731372
38,230.1457977294922,397.74041748046875,0.9999983310699463,835.281494140625,406.2883605957031,0.9999990463256836,771.9585571289062,604.3636474609375,0.9999953508377075,766.4301147460938,714.3965454101562,0.9999585151672363,763.8065185546875,624.0624389648438,0.002998612355440855
39,230.1457977294922,397.72552490234375,0.9999983310699463,835.2859497070312,406.2659606933594,0.9999990463256836,764.4760131835938,604.4140014648438,0.9999816417694092,767.6611328125,714.3965454101562,0.9999101161956787,778.9854736328125,623.487060546875,0.0018401158740743995
40,230.13873291015625,397.72552490234375,0.9999983310699463,835.2919311523438,406.2659606933594,0.9999990463256836,755.9552001953125,605.6798095703125,0.9999954700469971,767.6611328125,714.3965454101562,0.9999184608459473,778.9854736328125,623.3453979492188,0.005259619560092688
41,230.13873291015625,397.74041748046875,0.9999983310699463,835.3656616210938,406.2659606933594,0.9999990463256836,748.8116455078125,606.3453369140625,0.9999778270721436,767.6611328125,714.3965454101562,0.9998111128807068,841.346435546875,410.9479675292969,0.0018846906023100019
42,230.15823364257812,397.74041748046875,0.9999983310699463,835.4820556640625,406.1931457519531,0.9999990463256836,742.6429443359375,606.3453369140625,0.9999703168869019,766.7030639648438,714.3965454101562,0.9998863935470581,765.078857421875,623.3453979492188,0.0026361909694969654
43,230.1693572998047,397.77032470703125,0.9999982118606567,835.4820556640625,406.14227294921875,0.9999991655349731,736.3475952148438,606.3453369140625,0.9999890327453613,766.255859375,714.2669067382812,0.9998045563697815,765.078857421875,623.3453979492188,0.0019428133964538574
44,230.171875,397.77032470703125,0.9999982118606567,835.497802734375,406.1369323730469,0.9999990463256836,731.4602661132812,605.3917236328125,0.9999743700027466,765.3784790039062,714.2669067382812,0.9996576309204102,764.1592407226562,715.71484375,0.0032752715051174164
45,230.171875,397.77032470703125,0.9999982118606567,835.4820556640625,406.0693664550781,0.9999990463256836,726.5278930664062,605.2947387695312,0.9999793767929077,764.226806640625,714.4099731445312,0.9982878565788269,764.1592407226562,715.81103515625,0.029472697526216507
46,230.1693572998047,397.7593688964844,0.9999982118606567,835.5125122070312,406.0336608886719,0.9999990463256836,723.0829467773438,604.5362548828125,0.9999908208847046,763.42578125,714.2523803710938,0.9961930513381958,763.4326782226562,715.92236328125,0.06874017417430878
47,230.13954162597656,397.7593688964844,0.9999983310699463,835.48681640625,406.0231018066406,0.9999991655349731,719.5635986328125,602.8951416015625,0.9999797344207764,760.4880981445312,714.2177124023438,0.9817517399787903,762.1351928710938,715.81103515625,0.1537291407585144
48,230.13954162597656,397.7593688964844,0.9999983310699463,835.5125122070312,406.0231018066406,0.9999991655349731,716.6786499023438,602.8681640625,0.9999687671661377,759.5181274414062,714.132080078125,0.9682715535163879,761.0523071289062,715.71484375,0.18869267404079437
49,230.13954162597656,397.7593688964844,0.9999983310699463,835.48681640625,406.0231018066406,0.9999991655349731,714.2144165039062,601.2785034179688,0.999944806098938,759.224365234375,714.2523803710938,0.9670873880386353,758.5436401367188,715.529296875,0.26800116896629333
50,230.17059326171875,397.77471923828125,0.9999983310699463,835.48681640625,406.0231018066406,0.9999991655349731,712.0570678710938,599.7120361328125,0.9999414682388306,758.0975341796875,714.1162109375,0.91966313123703,757.88623046875,715.279052734375,0.5486443042755127
51,230.17059326171875,397.77471923828125,0.9999982118606567,835.4802856445312,405.7842712402344,0.9999991655349731,709.366455078125,598.7819213867188,0.9999922513961792,757.3795166015625,713.8206176757812,0.797225832939148,757.5961303710938,714.9808959960938,0.7797540426254272
52,230.17059326171875,397.7545471191406,0.9999983310699463,835.4179077148438,405.7203063964844,0.9999991655349731,706.9763793945312,596.911376953125,0.9999966621398926,756.10205078125,713.4629516601562,0.9368926286697388,756.5120239257812,714.9673461914062,0.6949001550674438
53,230.165283203125,397.7545471191406,0.9999983310699463,835.4124755859375,405.58721923828125,0.9999991655349731,705.1507568359375,595.570556640625,0.9999940395355225,755.6817626953125,713.2848510742188,0.9861953258514404,756.34716796875,714.0559692382812,0.23611195385456085
54,230.13365173339844,397.7568359375,0.9999983310699463,835.40234375,405.5622253417969,0.9999991655349731,703.0057373046875,594.8843994140625,0.9999843835830688,755.1622924804688,713.05908203125,0.969915509223938,755.9713134765625,713.732666015625,0.7372074723243713
55,230.13365173339844,397.7568359375,0.9999983310699463,835.3419799804688,405.4954833984375,0.9999991655349731,701.384765625,592.946533203125,0.9999754428863525,754.2973022460938,713.05908203125,0.8508433699607849,755.1782836914062,713.732666015625,0.9722895622253418
56,230.13365173339844,397.7600402832031,0.9999984502792358,835.179931640625,405.4800720214844,0.9999991655349731,699.907958984375,590.230712890625,0.9999579191207886,754.2903442382812,713.05908203125,0.9337277412414551,755.0200805664062,713.732666015625,0.9339335560798645
57,230.1551971435547,397.7600402832031,0.9999984502792358,835.179931640625,405.429443359375,0.9999991655349731,698.6063842773438,588.9673461914062,0.9999674558639526,753.9465942382812,713.0350341796875,0.9552972912788391,754.65478515625,713.6102905273438,0.7734687924385071
58,230.1551971435547,397.7568359375,0.9999983310699463,835.179931640625,405.4800720214844,0.9999991655349731,696.6337890625,587.2481079101562,0.9999356269836426,753.9465942382812,712.34375,0.8910734057426453,753.3434448242188,713.49365234375,0.6983384490013123
59,230.1551971435547,397.7007751464844,0.9999984502792358,835.179931640625,405.4800720214844,0.9999991655349731,694.5205078125,586.3621826171875,0.9999758005142212,752.359375,710.7124633789062,0.8159539699554443,750.736328125,712.0308837890625,0.9690619111061096
60,230.1551971435547,397.6922912597656,0.9999984502792358,835.179931640625,405.59619140625,0.9999991655349731,691.7954711914062,585.4786987304688,0.9999892711639404,747.6307373046875,710.4757080078125,0.9957576394081116,747.3319702148438,711.4324951171875,0.8838298916816711
61,230.1534423828125,397.6922912597656,0.9999984502792358,835.10595703125,405.6703186035156,0.9999991655349731,688.4528198242188,585.3270874023438,0.9999765157699585,740.6973876953125,707.7114868164062,0.9604632258415222,740.3309936523438,708.9541625976562,0.9929136633872986
62,230.1534423828125,397.6922912597656,0.9999984502792358,835.10595703125,405.8977966308594,0.9999990463256836,685.7506713867188,585.3270874023438,0.9999334812164307,726.975830078125,705.2230224609375,0.9784042239189148,724.7780151367188,706.6672973632812,0.2997579574584961
63,230.1534423828125,397.666259765625,0.9999985694885254,835.10595703125,405.9970397949219,0.9999990463256836,683.6853637695312,585.3270874023438,0.9999480247497559,711.3895263671875,702.4545288085938,0.9787492156028748,702.5952758789062,706.5374755859375,0.009763459675014019
64,230.11749267578125,397.6759033203125,0.9999984502792358,835.1641845703125,406.07562255859375,0.9999990463256836,680.4349365234375,585.3270874023438,0.9999117851257324,684.0753173828125,702.3322143554688,0.9987917542457581,687.7057495117188,704.2539672851562,0.10210437327623367
65,230.11749267578125,397.6759033203125,0.9999985694885254,835.3216552734375,406.076416015625,0.9999990463256836,677.0282592773438,585.3270874023438,0.999987006187439,674.00634765625,701.8447265625,0.9999982118606567,672.8411865234375,704.2539672851562,0.0024458623956888914
66,230.11749267578125,397.666259765625,0.9999985694885254,835.4999389648438,406.076416015625,0.9999990463256836,673.15234375,585.3377075195312,0.99998939037323,656.7710571289062,701.8447265625,0.9999815225601196,655.48095703125,704.2539672851562,0.01617903634905815
67,230.11749267578125,397.6759033203125,0.9999984502792358,835.72314453125,406.2419128417969,0.9999990463256836,669.3482055664062,585.5491943359375,0.9999607801437378,650.098876953125,701.8447265625,0.9999613761901855,655.48095703125,702.021484375,0.009415016509592533
68,230.13766479492188,397.6795654296875,0.9999984502792358,835.8846435546875,406.56671142578125,0.999998927116394,663.94775390625,585.928955078125,0.9999591112136841,644.000244140625,707.91748046875,0.9999568462371826,655.48095703125,702.021484375,0.014874007552862167
69,230.14990234375,397.701904296875,0.9999984502792358,835.962158203125,407.0836486816406,0.999998927116394,656.7489624023438,587.9757080078125,0.9999920129776001,644.000244140625,714.2657470703125,0.9999017715454102,651.0117797851562,607.4866333007812,0.001976551953703165
70,230.14990234375,397.701904296875,0.9999984502792358,836.1642456054688,407.6645812988281,0.9999984502792358,650.6196899414062,589.8615112304688,0.999955415725708,644.000244140625,719.3140258789062,0.999788224697113,651.0117797851562,607.0278930664062,0.0019050708506256342
71,230.14990234375,397.7363586425781,0.9999985694885254,836.200439453125,408.32952880859375,0.9999977350234985,641.5252075195312,594.095703125,0.9999966621398926,644.3836059570312,721.9568481445312,0.999995231628418,651.0117797851562,606.9317626953125,0.0053586456924676895
72,230.08358764648438,397.701904296875,0.9999985694885254,836.200439453125,408.56719970703125,0.9999961853027344,634.142822265625,595.4127807617188,0.9999948740005493,644.7286987304688,723.2887573242188,0.9999994039535522,651.0117797851562,607.0278930664062,0.0018447681795805693
73,230.08358764648438,397.701904296875,0.9999985694885254,836.200439453125,408.57244873046875,0.9999958276748657,626.3743896484375,597.2440795898438,0.9999984502792358,644.7286987304688,723.8587646484375,0.9999994039535522,636.7588500976562,607.0278930664062,0.007896697148680687
74,230.08358764648438,397.69097900390625,0.9999985694885254,836.0858764648438,408.57244873046875,0.9999958276748657,620.5203857421875,598.7451782226562,0.9999957084655762,644.7286987304688,723.9578857421875,0.9999995231628418,635.1099853515625,606.9317626953125,0.0020450407173484564
75,230.1334686279297,397.69097900390625,0.9999985694885254,835.9075317382812,408.57244873046875,0.9999966621398926,614.7771606445312,598.920654296875,0.9999897480010986,644.1929931640625,723.9578857421875,0.9999991655349731,619.5101928710938,606.20166015625,0.0022325103636831045
76,230.1334686279297,397.69097900390625,0.9999985694885254,835.822265625,408.3416442871094,0.9999978542327881,609.0536499023438,598.98583984375,0.9999926090240479,643.3179321289062,723.9578857421875,0.999997615814209,619.4700927734375,605.5061645507812,0.0035811427515000105
77,230.14944458007812,397.6990661621094,0.9999984502792358,835.6585693359375,407.9952697753906,0.9999985694885254,603.0023193359375,599.0555419921875,0.9999903440475464,641.984130859375,723.5789794921875,0.9999918937683105,604.8662109375,605.5061645507812,0.0014768450055271387
78,230.1334686279297,397.6990661621094,0.9999985694885254,835.1304931640625,407.6982116699219,0.9999988079071045,599.5816040039062,599.0555419921875,0.9999606609344482,641.0301513671875,722.9105834960938,0.999974250793457,603.8257446289062,606.20166015625,0.002414984628558159
79,230.12765502929688,397.6990661621094,0.9999984502792358,834.6685791015625,407.6963195800781,0.9999986886978149,596.2409057617188,599.0555419921875,0.9999880790710449,640.0964965820312,722.5585327148438,0.9999264478683472,603.8257446289062,606.3262939453125,0.0037865026388317347
80,230.10618591308594,397.6538391113281,0.9999985694885254,834.6685791015625,407.59466552734375,0.9999986886978149,590.9888305664062,599.0555419921875,0.9999696016311646,639.0963745117188,722.4447021484375,0.9999555349349976,603.8257446289062,606.7392578125,0.002645960310474038
81,230.10032653808594,397.6538391113281,0.9999985694885254,834.6685791015625,407.3001403808594,0.9999988079071045,587.9871826171875,598.5297241210938,0.9999762773513794,637.6903686523438,722.1447143554688,0.9999736547470093,603.56005859375,607.1881103515625,0.0024254852905869484
82,230.10032653808594,397.6538391113281,0.9999985694885254,834.9450073242188,407.0955505371094,0.999998927116394,585.3900146484375,597.9629516601562,0.99994957447052,636.261962890625,722.03173828125,0.999955415725708,636.171142578125,722.227294921875,0.002761066658422351
83,230.10032653808594,397.6538391113281,0.9999984502792358,835.2195434570312,407.08245849609375,0.9999986886978149,581.6683959960938,597.24755859375,0.9999858140945435,635.2921752929688,722.03173828125,0.9998879432678223,636.171142578125,722.67724609375,0.005320753436535597
84,230.10922241210938,397.69244384765625,0.9999985694885254,835.2195434570312,406.98638916015625,0.9999985694885254,578.6165771484375,595.271240234375,0.999993085861206,634.2442626953125,722.03173828125,0.9994680285453796,630.4556884765625,722.7349853515625,0.009392798878252506
85,230.10922241210938,397.71917724609375,0.9999985694885254,835.2195434570312,406.98638916015625,0.9999986886978149,576.492431640625,593.300048828125,0.999968409538269,632.5845336914062,722.1196899414062,0.9981891512870789,629.8766479492188,722.7349853515625,0.015856875106692314
86,230.10922241210938,397.73150634765625,0.9999984502792358,835.1035766601562,406.98638916015625,0.9999971389770508,573.3062744140625,593.0230712890625,0.9999122619628906,631.0259399414062,722.1903076171875,0.997387707233429,629.8766479492188,722.7349853515625,0.08721412718296051
87,230.1080322265625,397.71917724609375,0.9999984502792358,834.5443115234375,406.982666015625,0.9999940395355225,571.7847290039062,592.8917236328125,0.9998844861984253,629.633544921875,722.1992797851562,0.9948273301124573,628.7755126953125,722.6824340820312,0.30875274538993835
88,230.1080322265625,397.71917724609375,0.9999985694885254,833.7489013671875,406.982666015625,0.9999881982803345,570.050048828125,592.6415405273438,0.9996374845504761,629.633544921875,722.23876953125,0.9910209774971008,628.7755126953125,722.6444091796875,0.4895728826522827
89,230.1080322265625,397.71710205078125,0.9999985694885254,832.5554809570312,407.0840759277344,0.9994283318519592,567.1905517578125,592.327880859375,0.9984996318817139,629.633544921875,722.2781372070312,0.9743348360061646,628.7755126953125,722.3297119140625,0.5886702537536621
90,230.11558532714844,397.71710205078125,0.9999984502792358,829.7638549804688,407.1937561035156,0.9596304893493652,564.57861328125,592.2347412109375,0.9993144273757935,629.8746948242188,722.2781372070312,0.21116580069065094,628.7305297851562,722.0719604492188,0.8059177994728088
91,230.11558532714844,397.71710205078125,0.9999985694885254,828.10302734375,407.1937561035156,0.06781269609928131,561.9948120117188,592.2347412109375,0.9997715353965759,629.8746948242188,722.2781372070312,0.961347222328186,628.7305297851562,721.8567504882812,0.2739733159542084
92,230.14480590820312,397.7529602050781,0.9999984502792358,634.1577758789062,726.4098510742188,0.011002657935023308,558.6480102539062,591.44189453125,0.9997045397758484,629.8746948242188,722.2406616210938,0.9970012307167053,628.7305297851562,721.8567504882812,0.35178080201148987
93,230.14320373535156,397.7866516113281,0.9999984502792358,632.9690551757812,726.41162109375,0.016699763014912605,555.43994140625,591.267333984375,0.9997203946113586,629.2626953125,722.2192993164062,0.9985318183898926,628.2293090820312,722.0719604492188,0.43309399485588074
94,230.14480590820312,397.7877502441406,0.9999984502792358,632.5179443359375,726.6012573242188,0.008714851923286915,551.8615112304688,590.85888671875,0.9992413520812988,627.3711547851562,721.9855346679688,0.9918004870414734,627.1453857421875,722.113525390625,0.9638386964797974
95,230.1464080810547,397.7877502441406,0.9999984502792358,632.5179443359375,726.6012573242188,0.0053670695051550865,548.7577514648438,590.4702758789062,0.999944806098938,555.3569946289062,705.1727905273438,0.9674758911132812,625.2922973632812,722.5679931640625,0.9972254037857056
96,230.169921875,397.82440185546875,0.9999984502792358,632.5179443359375,726.6012573242188,0.004644554574042559,545.4845581054688,590.3516845703125,0.9999434947967529,541.8008422851562,705.1727905273438,0.6883570551872253,625.2922973632812,724.12939453125,0.9979528188705444
97,230.21788024902344,397.8290710449219,0.9999984502792358,957.7568359375,407.095703125,0.021088074892759323,540.7689819335938,590.3516845703125,0.9997020363807678,533.4048461914062,705.1727905273438,0.5488697290420532,625.2922973632812,724.2655639648438,0.9833855032920837
98,230.21788024902344,397.83026123046875,0.9999984502792358,957.7568359375,407.095703125,0.0582757443189621,534.5323486328125,590.3516845703125,0.9999157190322876,533.4048461914062,706.792236328125,0.9908598065376282,625.2922973632812,724.2655639648438,0.9634270071983337
99,230.21788024902344,397.8345947265625,0.9999984502792358,957.7568359375,406.2737121582031,0.02236674167215824,530.935546875,591.0267944335938,0.9994157552719116,533.4048461914062,710.861572265625,0.9920876622200012,625.2922973632812,724.2655639648438,0.8967556357383728
100,230.21319580078125,397.8609619140625,0.9999983310699463,953.0025634765625,406.2737121582031,0.09079242497682571,527.1592407226562,591.0267944335938,0.9996960163116455,629.40234375,721.064453125,0.9778239727020264,529.2273559570312,710.0167846679688,0.9658068418502808
101,230.19552612304688,397.8663330078125,0.9999983310699463,949.979736328125,406.2737121582031,0.22526685893535614,520.0794067382812,591.0267944335938,0.9937669038772583,630.80322265625,721.064453125,0.997026264667511,529.2273559570312,710.0167846679688,0.9992144107818604
102,230.19552612304688,397.87078857421875,0.9999984502792358,944.8264770507812,406.2222595214844,0.039219930768013,511.04913330078125,590.7939453125,0.9986724853515625,630.80322265625,721.064453125,0.9996652603149414,529.2273559570312,710.0167846679688,0.9999605417251587
103,230.19552612304688,397.8755798339844,0.9999984502792358,940.385009765625,406.1006774902344,0.05210642144083977,503.39666748046875,590.4462890625,0.9996490478515625,630.80322265625,720.7826538085938,0.999910831451416,529.233154296875,710.1333618164062,0.999991774559021
104,230.19552612304688,397.91766357421875,0.9999984502792358,936.205078125,406.09967041015625,0.009246631525456905,497.5113525390625,590.0886840820312,0.9999101161956787,630.7212524414062,720.3828735351562,0.9999634027481079,529.2911376953125,710.2697143554688,0.9999953508377075
105,230.19552612304688,397.9955139160156,0.9999983310699463,919.5960693359375,405.4608154296875,0.0018007203470915556,490.58050537109375,589.9909057617188,0.9999682903289795,629.4376220703125,720.0386962890625,0.9999852180480957,529.33935546875,710.2697143554688,0.9999980926513672
106,230.17713928222656,398.0393371582031,0.9999984502792358,916.7105102539062,404.897216796875,0.0017790485871955752,485.05126953125,587.1476440429688,0.999990701675415,628.3836669921875,719.6747436523438,0.9999847412109375,529.33935546875,710.2697143554688,0.999998927116394
107,230.15777587890625,398.0393371582031,0.9999984502792358,229.51132202148438,398.4673156738281,0.008321044966578484,481.22705078125,586.3881225585938,0.9999886751174927,625.9794311523438,719.3184204101562,0.9999774694442749,529.2911376953125,709.8370971679688,0.9999992847442627
108,230.15777587890625,398.02801513671875,0.9999984502792358,229.48130798339844,398.54071044921875,0.016423001885414124,477.1159973144531,585.0023803710938,0.9999561309814453,624.4395751953125,718.7786865234375,0.9999723434448242,529.2456665039062,709.523193359375,0.9999991655349731
109,230.15777587890625,398.0833740234375,0.9999984502792358,229.44683837890625,398.7421569824219,0.0016887213569134474,472.8393859863281,583.8216552734375,0.9999676942825317,623.0827026367188,715.388916015625,0.9998852014541626,528.6390380859375,709.2003173828125,0.999998927116394
110,230.21746826171875,398.0833740234375,0.9999984502792358,229.44683837890625,398.7421569824219,0.0016065845265984535,468.18414306640625,582.6036376953125,0.9999977350234985,621.5962524414062,712.1184692382812,0.9632682204246521,528.493896484375,709.015380859375,0.9999963045120239
111,230.21755981445312,398.21588134765625,0.9999983310699463,229.43841552734375,398.7421569824219,0.0015652113361284137,463.2205505371094,581.4922485351562,0.9999933242797852,523.7828369140625,707.7117309570312,0.02255621924996376,528.0624389648438,709.015380859375,0.9999839067459106
112,230.26132202148438,398.2846374511719,0.9999982118606567,229.44683837890625,398.8235168457031,0.0015312489122152328,459.12554931640625,581.1425170898438,0.9999934434890747,523.3296508789062,707.37060546875,0.050285570323467255,527.0838623046875,708.9972534179688,0.9999556541442871
113,230.26953125,398.30926513671875,0.9999983310699463,229.47940063476562,398.843505859375,0.0014749144902452826,455.6197204589844,580.947998046875,0.999990701675415,522.2383422851562,707.37060546875,0.25691959261894226,526.5714111328125,708.97412109375,0.9997474551200867
114,230.27203369140625,398.3389587402344,0.9999982118606567,889.2628784179688,405.4829406738281,0.03237439692020416,451.8306579589844,580.0488891601562,0.9999978542327881,520.6304321289062,707.37060546875,0.7701253890991211,526.4370727539062,707.1170043945312,0.9987353682518005
115,230.33132934570312,398.4124450683594,0.9999982118606567,889.2628784179688,405.4829406738281,0.9478952884674072,447.0468444824219,578.3920288085938,0.9999852180480957,518.704833984375,706.8673095703125,0.16583186388015747,519.7576293945312,707.1170043945312,0.9720743298530579
116,230.35516357421875,398.47857666015625,0.9999980926513672,889.2628784179688,405.4829406738281,0.7459487318992615,444.13726806640625,577.53857421875,0.9999805688858032,507.00384521484375,704.4550170898438,0.5994821786880493,519.2628784179688,707.0189819335938,0.9076933860778809
117,230.43338012695312,398.532470703125,0.9999978542327881,886.473876953125,405.42230224609375,0.023823419585824013,440.3167419433594,576.6503295898438,0.9999723434448242,486.2537841796875,702.7362060546875,0.9266430139541626,518.7051391601562,707.0189819335938,0.1980048418045044
118,230.5247802734375,398.5722351074219,0.9999978542327881,883.1497192382812,405.42230224609375,0.006219903938472271,436.90582275390625,575.5455932617188,0.9999713897705078,474.49468994140625,698.156494140625,0.7677893042564392,515.6600952148438,707.5438232421875,0.9999799728393555
119,230.67495727539062,398.642822265625,0.9999977350234985,876.3248291015625,405.25506591796875,0.0134773263707757,433.5314025878906,574.4255981445312,0.9999743700027466,456.35052490234375,695.2217407226562,0.9961494207382202,515.6600952148438,708.3353881835938,0.9999574422836304
120,230.7254180908203,398.71832275390625,0.9999974966049194,870.6566772460938,405.25506591796875,0.002570979529991746,429.881103515625,573.6221923828125,0.9999368190765381,450.0216979980469,695.2217407226562,0.9999661445617676,513.2451782226562,708.3353881835938,0.9996811151504517
121,230.77647399902344,398.73809814453125,0.999997615814209,431.3167724609375,405.6622009277344,0.0016114824684336782,426.71649169921875,572.6051635742188,0.9999676942825317,435.8173522949219,695.2217407226562,0.9999946355819702,508.30108642578125,708.3353881835938,0.9958822727203369
122,230.8129425048828,398.75189208984375,0.999997615814209,429.5536804199219,566.9774780273438,0.0018106193747371435,423.1465759277344,571.96484375,0.9999891519546509,427.5548095703125,695.9656982421875,0.9999865293502808,502.4664001464844,708.3353881835938,0.3555583953857422
123,230.8272705078125,398.75189208984375,0.999997615814209,414.8768005371094,567.3729858398438,0.002925666281953454,417.536376953125,571.96484375,0.9999896287918091,413.9150695800781,697.2685546875,0.9999833106994629,427.3725280761719,572.7001953125,0.0025781106669455767
124,230.85447692871094,398.8238220214844,0.9999978542327881,414.8768005371094,567.9939575195312,0.001815828843973577,413.2950134277344,572.6051635742188,0.9999687671661377,403.4232177734375,697.4622802734375,0.9999984502792358,413.3733215332031,571.8832397460938,0.0010836414294317365
125,230.8798828125,398.8851623535156,0.9999978542327881,414.8768005371094,567.3729858398438,0.0031959053594619036,408.8193054199219,572.7402954101562,0.9999516010284424,392.08123779296875,698.6830444335938,0.9999972581863403,412.5958557128906,571.6974487304688,0.001820685574784875
126,230.91981506347656,398.88690185546875,0.9999977350234985,414.8768005371094,566.9774780273438,0.0040673185139894485,402.2431945800781,573.3638305664062,0.9999921321868896,384.3395690917969,698.7486572265625,0.9999954700469971,410.87481689453125,571.6974487304688,0.002448020502924919
127,230.91981506347656,398.95172119140625,0.9999978542327881,840.67431640625,405.40533447265625,0.5832582712173462,396.90277099609375,573.4434204101562,0.9999583959579468,374.8929748535156,701.460693359375,0.9999752044677734,396.8223571777344,571.8832397460938,0.0014418597565963864
128,230.91981506347656,398.98779296875,0.9999978542327881,840.67431640625,405.40533447265625,0.986741840839386,389.3455505371094,577.1838989257812,0.9999918937683105,374.8929748535156,705.9177856445312,0.9999874830245972,396.0816650390625,590.3339233398438,0.0068728686310350895
129,230.85198974609375,399.14202880859375,0.9999979734420776,840.67431640625,405.40533447265625,0.983903169631958,381.9862060546875,579.3873901367188,0.9999868869781494,374.8929748535156,708.6007690429688,0.9999604225158691,390.7938232421875,591.1397094726562,0.0015683816745877266
130,230.7587432861328,399.1611633300781,0.9999982118606567,839.344482421875,406.2007751464844,0.9999719858169556,373.92340087890625,582.1009521484375,0.9999946355819702,379.6422424316406,708.6007690429688,0.9999791383743286,383.8766174316406,591.9729614257812,0.0056948368437588215
131,230.59841918945312,399.1611633300781,0.9999984502792358,837.4857177734375,406.3578796386719,0.9999963045120239,366.605224609375,584.5515747070312,0.9999555349349976,379.66485595703125,708.6007690429688,0.9999984502792358,383.4150085449219,711.107421875,0.0038705472834408283
132,230.5361785888672,399.1611633300781,0.9999984502792358,835.8214111328125,406.3711853027344,0.9999978542327881,359.37408447265625,586.7952270507812,0.9999825954437256,379.66485595703125,708.1536254882812,0.9999990463256836,382.33941650390625,711.107421875,0.0037486604414880276
133,230.48077392578125,399.2355041503906,0.9999985694885254,834.96533203125,406.3711853027344,0.9999984502792358,352.0338439941406,587.2862548828125,0.9999926090240479,379.66485595703125,708.121337890625,0.9999986886978149,382.33941650390625,711.107421875,0.0056635537184774876
134,230.45364379882812,399.2355041503906,0.9999980926513672,834.96533203125,406.3578796386719,0.9999990463256836,348.3293151855469,587.9667358398438,0.9999790191650391,378.6730651855469,708.121337890625,0.999997615814209,381.6742248535156,710.744140625,0.006865523289889097
135,230.37232971191406,399.23858642578125,0.9999977350234985,834.96533203125,406.17987060546875,0.9999990463256836,344.5901184082031,589.4996948242188,0.999975323677063,377.97509765625,708.050048828125,0.9999969005584717,381.6742248535156,710.7429809570312,0.006987249478697777
136,230.2056427001953,399.3769836425781,0.9999969005584717,835.4736938476562,406.0755310058594,0.9999994039535522,339.9272766113281,589.7175903320312,0.9999929666519165,376.9881286621094,707.914306640625,0.9999924898147583,381.5174865722656,710.5903930664062,0.009518824517726898
137,229.86328125,399.3810729980469,0.9999969005584717,835.6661376953125,406.0564270019531,0.9999992847442627,335.35272216796875,590.3018798828125,0.9999492168426514,375.98712158203125,707.7093505859375,0.9999938011169434,381.20001220703125,708.7133178710938,0.01029747724533081
138,229.55154418945312,399.3922119140625,0.9999966621398926,835.7442626953125,405.8228759765625,0.9999992847442627,333.1197204589844,590.7230224609375,0.9999642372131348,375.15216064453125,707.7093505859375,0.999995231628418,381.1690979003906,708.4819946289062,0.020454486832022667
139,228.96046447753906,399.71893310546875,0.9999963045120239,836.010498046875,405.7425537109375,0.9999992847442627,330.4520263671875,591.7123413085938,0.9999127388000488,373.8887634277344,707.7093505859375,0.9999964237213135,379.9622497558594,708.4819946289062,0.032855406403541565
140,228.6028594970703,399.7248229980469,0.9999972581863403,836.010498046875,405.6155700683594,0.9999992847442627,328.4933166503906,591.7123413085938,0.9997219443321228,372.86492919921875,707.8952026367188,0.999992847442627,378.84722900390625,708.4819946289062,0.06433689594268799
141,228.11607360839844,399.7338562011719,0.9999970197677612,836.010498046875,405.55645751953125,0.9999994039535522,325.1675720214844,591.7210083007812,0.9997977614402771,372.167236328125,707.9091796875,0.9999885559082031,375.0833740234375,708.8202514648438,0.08680455386638641
142,227.3828887939453,399.7347106933594,0.9999966621398926,835.708984375,405.55645751953125,0.9999992847442627,321.8941955566406,591.7210083007812,0.9996812343597412,371.5111999511719,707.9280395507812,0.9999793767929077,374.72515869140625,708.8848876953125,0.10489805787801743
143,226.82589721679688,399.7587585449219,0.9999958276748657,835.369140625,405.55645751953125,0.9999991655349731,320.6540832519531,591.6982421875,0.9995430707931519,370.76556396484375,708.0003662109375,0.9999525547027588,374.3104553222656,709.0703735351562,0.1975311040878296
144,226.4764404296875,399.8464050292969,0.9999947547912598,835.1926879882812,405.5682678222656,0.999998927116394,317.3551025390625,591.6024169921875,0.9998372793197632,370.06011962890625,708.09765625,0.999786913394928,373.81329345703125,709.2373657226562,0.5065011978149414
145,226.4265899658203,399.8464050292969,0.9999957084655762,835.1505126953125,405.602783203125,0.9999988079071045,314.1593322753906,591.2807006835938,0.9998854398727417,369.31903076171875,708.1737060546875,0.9987044334411621,373.11151123046875,709.4693603515625,0.805148720741272
146,226.29876708984375,399.8406066894531,0.999997615814209,835.1505126953125,405.6183776855469,0.999998927116394,311.9203796386719,590.5995483398438,0.9998577833175659,369.05859375,708.3143310546875,0.9939514398574829,372.7779846191406,709.5322265625,0.9389039278030396
147,226.29876708984375,399.7988586425781,0.9999984502792358,835.0451049804688,405.6458740234375,0.9999990463256836,310.38885498046875,590.5526733398438,0.9999465942382812,368.6098937988281,708.4952392578125,0.968789279460907,372.0035095214844,709.6732788085938,0.9844282865524292
148,226.29876708984375,399.7988586425781,0.9999985694885254,835.0451049804688,405.88525390625,0.9999990463256836,307.6778869628906,589.5947265625,0.9999769926071167,367.44525146484375,708.4952392578125,0.7666283845901489,370.8742370605469,709.988037109375,0.9976614713668823
149,226.71490478515625,399.19110107421875,0.9999990463256836,835.0451049804688,406.01922607421875,0.9999991655349731,305.8329772949219,589.3048095703125,0.9999703168869019,366.2178039550781,708.4952392578125,0.09765664488077164,369.3246765136719,710.0352783203125,0.9998120665550232
150,227.4365234375,398.3308410644531,0.9999992847442627,834.8607177734375,406.0528869628906,0.9999992847442627,302.8568115234375,589.1068115234375,0.9999103546142578,365.29632568359375,707.2789306640625,0.012616397812962532,368.257568359375,710.0352783203125,0.9999701976776123
151,227.9070587158203,397.2723693847656,0.9999990463256836,834.8392944335938,406.1840515136719,0.9999994039535522,299.9745788574219,588.302734375,0.9999204874038696,325.9627380371094,689.3662719726562,0.003159994026646018,367.3416748046875,710.1527709960938,0.9999955892562866
152,228.1785888671875,396.60296630859375,0.9999980926513672,834.8009643554688,406.1899719238281,0.9999994039535522,296.9570617675781,588.2828979492188,0.9999104738235474,323.1982116699219,689.3662719726562,0.28430235385894775,366.3355712890625,710.3284301757812,0.9999932050704956
153,228.1785888671875,396.5475158691406,0.9999977350234985,834.7974243164062,406.1899719238281,0.9999994039535522,294.3478698730469,586.5953369140625,0.999987006187439,313.1559753417969,689.3662719726562,0.9995101690292358,365.0589294433594,711.6660766601562,0.9999617338180542
154,228.1785888671875,396.5335388183594,0.9999977350234985,834.6876831054688,406.1899719238281,0.9999994039535522,290.694091796875,585.0169677734375,0.999983549118042,313.1559753417969,692.4813842773438,0.998745322227478,363.69158935546875,712.7097778320312,0.9995500445365906
155,228.15185546875,396.5335388183594,0.9999978542327881,834.6864013671875,406.09417724609375,0.9999994039535522,287.4674987792969,584.4525146484375,0.999930739402771,293.7209167480469,698.4466552734375,0.9993299245834351,362.8373107910156,712.7097778320312,0.9546268582344055
156,228.15185546875,396.5475158691406,0.9999979734420776,834.6864013671875,406.03228759765625,0.9999992847442627,284.24658203125,584.4154663085938,0.9999523162841797,285.7293701171875,698.4964599609375,0.999948263168335,362.8010559082031,712.7097778320312,0.5512012243270874
157,228.15185546875,396.5475158691406,0.9999983310699463,834.6876831054688,405.9718933105469,0.9999992847442627,280.61859130859375,584.2357177734375,0.999880313873291,285.7293701171875,699.3875122070312,0.9999796152114868,362.8010559082031,710.2807006835938,0.8289107084274292
158,228.15185546875,396.467529296875,0.9999984502792358,834.751220703125,405.9619445800781,0.9999991655349731,275.1355895996094,584.2357177734375,0.9999347925186157,277.4417419433594,700.4985961914062,0.9933847784996033,362.8373107910156,710.0682373046875,0.9717341661453247
159,228.15185546875,396.367919921875,0.9999983310699463,834.8180541992188,405.9266357421875,0.9999991655349731,271.7731018066406,584.4154663085938,0.9997634291648865,277.4417419433594,709.998779296875,0.6616602540016174,362.8373107910156,710.0682373046875,0.9800832271575928
160,228.09017944335938,396.3460388183594,0.9999984502792358,834.9014892578125,405.89471435546875,0.9999991655349731,264.1725769042969,585.3425903320312,0.9996590614318848,364.38348388671875,709.998779296875,0.9997920393943787,362.8010559082031,710.0682373046875,0.5142739415168762
161,227.9130859375,396.0613098144531,0.9999985694885254,834.9014892578125,405.7548828125,0.9999991655349731,255.64697265625,586.0762329101562,0.9992709755897522,364.38348388671875,709.998779296875,0.9999845027923584,254.7854461669922,710.8110961914062,0.8346086144447327
162,227.9130859375,396.0464172363281,0.9999986886978149,834.8699340820312,405.68707275390625,0.9999991655349731,246.1416473388672,587.2589111328125,0.9998958110809326,362.53985595703125,709.6451416015625,0.999998927116394,254.45970153808594,711.1160888671875,0.9991672039031982
163,227.9130859375,396.0464172363281,0.9999986886978149,834.9682006835938,405.640869140625,0.9999991655349731,236.6551971435547,589.1905517578125,0.9999352693557739,362.53985595703125,709.4834594726562,0.9999991655349731,253.63328552246094,711.7503662109375,0.9999303817749023
164,228.1103973388672,396.0464172363281,0.9999988079071045,835.0015258789062,405.6147155761719,0.9999990463256836,230.23681640625,591.2886962890625,0.9999500513076782,361.25982666015625,709.1727294921875,0.9999988079071045,253.63328552246094,712.5416870117188,0.9999754428863525
165,228.33872985839844,396.4837646484375,0.9999986886978149,835.0557861328125,405.54510498046875,0.9999991655349731,226.3548126220703,591.3919677734375,0.9999831914901733,359.2027282714844,707.8790893554688,0.9999983310699463,252.32997131347656,712.5416870117188,0.9999784231185913
166,228.33872985839844,396.6772766113281,0.9999980926513672,835.2960205078125,405.4769287109375,0.9999991655349731,221.5401153564453,593.8299560546875,0.9999814033508301,355.5935363769531,707.8790893554688,0.9982624650001526,251.2063446044922,712.7797241210938,0.9999580383300781
167,228.33872985839844,396.9403991699219,0.9999974966049194,835.3380737304688,405.4003601074219,0.9999991655349731,218.47398376464844,595.2771606445312,0.9999856948852539,349.5628662109375,707.8790893554688,0.021528704091906548,250.1024169921875,712.7797241210938,0.9999219179153442
168,228.16995239257812,397.09307861328125,0.9999957084655762,835.3582763671875,405.2872314453125,0.9999991655349731,216.89512634277344,597.8899536132812,0.9998311996459961,245.21604919433594,710.8335571289062,0.01105466764420271,249.4732208251953,712.6742553710938,0.999853253364563
169,227.95339965820312,397.3258972167969,0.9999927282333374,835.3602294921875,405.2872314453125,0.9999992847442627,215.0299835205078,599.2716674804688,0.9999531507492065,243.26597595214844,710.8335571289062,0.024259617552161217,247.9454345703125,712.6742553710938,0.9996851682662964
170,227.5809326171875,397.865234375,0.9999942779541016,835.366943359375,405.2872314453125,0.9999991655349731,212.73849487304688,599.8492431640625,0.9999740123748779,241.95828247070312,710.8424072265625,0.08253514766693115,246.01304626464844,712.6742553710938,0.9997099041938782
171,227.5809326171875,398.291259765625,0.9999943971633911,835.3602294921875,405.29034423828125,0.9999991655349731,209.86770629882812,601.0418701171875,0.9999363422393799,240.35182189941406,710.8424072265625,0.3042296767234802,244.80055236816406,712.604248046875,0.9994988441467285
172,227.5809326171875,398.6698303222656,0.9999938011169434,835.3854370117188,405.2978820800781,0.9999991655349731,206.38832092285156,601.04638671875,0.999811589717865,240.00828552246094,710.8335571289062,0.21980902552604675,243.78219604492188,712.3494262695312,0.9994151592254639
173,227.92193603515625,398.96209716796875,0.9999946355819702,835.3602294921875,405.3809509277344,0.9999990463256836,204.10372924804688,601.5494995117188,0.9998254179954529,239.71868896484375,710.8026123046875,0.22240373492240906,243.20408630371094,712.3494262695312,0.9996039271354675
174,228.49998474121094,399.0475158691406,0.9999953508377075,835.353515625,405.47564697265625,0.9999990463256836,202.00576782226562,602.1260375976562,0.9996156692504883,239.58880615234375,710.654052734375,0.11695302277803421,242.7293701171875,711.9547119140625,0.9998342990875244
175,229.11209106445312,399.0475158691406,0.9999935626983643,835.353515625,405.55780029296875,0.999998927116394,200.7011260986328,602.5512084960938,0.9989614486694336,237.78041076660156,710.5667724609375,0.20182079076766968,240.2698516845703,711.8651123046875,0.9988865256309509
176,229.70376586914062,399.0475158691406,0.9999809265136719,835.3807983398438,405.6036682128906,0.999998927116394,200.4488525390625,602.6334838867188,0.9987311959266663,237.49307250976562,710.4966430664062,0.09263627976179123,239.935546875,711.8651123046875,0.9992849230766296
177,230.3517608642578,398.9617919921875,0.9999569654464722,835.3807983398438,405.63262939453125,0.999998927116394,199.34442138671875,602.6334838867188,0.998878538608551,237.18536376953125,710.5667724609375,0.006834265310317278,239.935546875,711.8651123046875,0.9928641319274902
178,231.18544006347656,398.890380859375,0.9998997449874878,835.3807983398438,405.7876892089844,0.999998927116394,198.55892944335938,602.6334838867188,0.9988237023353577,237.18536376953125,710.5667724609375,0.002412439091131091,239.935546875,712.6566772460938,0.8932117819786072
179,231.18544006347656,398.7407531738281,0.9997743964195251,835.3807983398438,405.9699401855469,0.9999988079071045,197.61697387695312,602.8167114257812,0.9988196492195129,237.49307250976562,710.7761840820312,0.22741547226905823,240.96420288085938,712.9227294921875,0.7260631322860718
180,231.18544006347656,398.6239929199219,0.9997515082359314,835.3516235351562,406.0410461425781,0.9999988079071045,197.33029174804688,602.817626953125,0.9979390501976013,239.7188262939453,711.9722900390625,0.046942051500082016,246.36402893066406,713.9195556640625,0.9997498393058777
181,230.57154846191406,398.54962158203125,0.9997463822364807,835.2366333007812,406.11492919921875,0.9999988079071045,196.91067504882812,603.1549072265625,0.9945599436759949,239.7188262939453,713.1522216796875,0.10935711115598679,247.46139526367188,713.9195556640625,0.9997685551643372
182,229.8421173095703,398.49066162109375,0.9995614886283875,835.1756591796875,406.15216064453125,0.9999988079071045,196.5453643798828,603.1830444335938,0.9931883811950684,239.7188262939453,713.2140502929688,0.11262829601764679,248.35479736328125,713.4166259765625,0.9996529817581177
183,229.04690551757812,398.1709289550781,0.9996781349182129,835.0274658203125,406.32684326171875,0.9999985694885254,196.1820526123047,603.3171997070312,0.9737182259559631,239.41139221191406,713.2218627929688,0.08906731009483337,249.07460021972656,713.4166259765625,0.9997745156288147
184,228.10198974609375,397.7456970214844,0.9998200535774231,835.009765625,406.55712890625,0.9999985694885254,196.12367248535156,603.3290405273438,0.9745836853981018,239.41139221191406,713.2618408203125,0.09653220325708389,249.58609008789062,713.3126831054688,0.9998596906661987
185,227.17697143554688,397.6036376953125,0.9999642372131348,834.919189453125,406.5727844238281,0.9999985694885254,195.95851135253906,603.4339599609375,0.9684956669807434,239.41139221191406,713.2618408203125,0.12509435415267944,249.690673828125,713.2686157226562,0.9998658895492554
186,227.17697143554688,397.48370361328125,0.9999880790710449,834.917236328125,406.77471923828125,0.9999984502792358,195.9217071533203,603.4339599609375,0.9608621597290039,239.429931640625,713.2643432617188,0.11618843674659729,249.97036743164062,713.3126831054688,0.9999063014984131
187,227.17697143554688,397.4684143066406,0.9999915361404419,834.6478271484375,406.835693359375,0.9999984502792358,195.9217071533203,603.4339599609375,0.9668320417404175,239.43045043945312,713.2643432617188,0.13312166929244995,249.9925079345703,713.3126831054688,0.999901533126831
188,227.67935180664062,397.3848876953125,0.9999904632568359,834.63134765625,407.1423645019531,0.9999980926513672,195.67098999023438,603.2847290039062,0.9394661784172058,239.700439453125,713.2643432617188,0.12236806750297546,250.1324920654297,713.3388671875,0.99992835521698
189,228.45335388183594,397.21044921875,0.9999877214431763,834.5100708007812,407.3310546875,0.9999979734420776,195.4132537841797,603.2540283203125,0.9833564758300781,239.78115844726562,713.283203125,0.09128699451684952,250.4542999267578,713.4342041015625,0.9999477863311768
190,229.00050354003906,396.4078674316406,0.9999923706054688,834.4488525390625,407.3348083496094,0.9999980926513672,195.34193420410156,602.920166015625,0.9683620929718018,239.9163055419922,713.3155517578125,0.0972948893904686,250.50350952148438,713.5664672851562,0.999962568283081
191,229.57391357421875,396.4078674316406,0.9999951124191284,834.4488525390625,407.5213317871094,0.9999978542327881,195.19190979003906,602.920166015625,0.979000985622406,240.12205505371094,713.3155517578125,0.09185774624347687,250.6510009765625,713.5664672851562,0.9999686479568481
192,230.0625457763672,396.4078674316406,0.999997615814209,834.4488525390625,407.5690002441406,0.9999977350234985,195.19142150878906,602.920166015625,0.9751818776130676,240.3373565673828,713.3155517578125,0.026087777689099312,252.37481689453125,713.5774536132812,0.9999802112579346
193,230.66709899902344,396.5209045410156,0.9999980926513672,834.424072265625,407.6400146484375,0.9999977350234985,194.7598876953125,603.0764770507812,0.9588531255722046,256.4819030761719,713.3433227539062,0.0012262563686817884,255.63844299316406,713.7741088867188,0.9999868869781494
194,231.35125732421875,396.7436218261719,0.9999973773956299,834.2880249023438,407.7184143066406,0.999997615814209,194.61895751953125,603.3538818359375,0.9658809900283813,256.6901550292969,714.6796875,0.009036141447722912,256.6261901855469,713.9615478515625,0.9999783039093018
195,231.8114013671875,397.3117370605469,0.9999971389770508,834.1920166015625,407.74273681640625,0.9999973773956299,194.0643768310547,603.974853515625,0.8546401858329773,256.6901550292969,716.457275390625,0.8553586006164551,256.6261901855469,716.1412963867188,0.9958315491676331
196,231.962646484375,397.93280029296875,0.999996542930603,834.1101684570312,407.7642822265625,0.9999973773956299,192.91758728027344,603.974853515625,0.27234145998954773,256.4819030761719,716.5719604492188,0.29283758997917175,256.6261901855469,716.8853759765625,0.9994776844978333
197,231.97926330566406,398.24102783203125,0.9999959468841553,834.0950317382812,407.7984619140625,0.9999973773956299,191.59898376464844,604.02880859375,0.030449703335762024,256.1646728515625,716.6533203125,0.028213992714881897,255.4336395263672,717.170654296875,0.9999698400497437
198,231.97926330566406,398.24102783203125,0.9999943971633911,834.0691528320312,407.88690185546875,0.9999972581863403,191.59898376464844,604.02880859375,0.0034725151490420103,255.61672973632812,716.6699829101562,0.04841380938887596,254.89990234375,717.298583984375,0.9999512434005737
199,231.97926330566406,398.24102783203125,0.999995231628418,834.0691528320312,407.88690185546875,0.9999972581863403,191.59898376464844,603.6077880859375,0.003278405172750354,250.4835662841797,717.9415283203125,0.02183736488223076,253.9005889892578,717.9447021484375,0.9999514818191528
200,231.57252502441406,398.1929016113281,0.9999961853027344,833.9542236328125,407.9087219238281,0.9999970197677612,841.749755859375,415.3599548339844,0.0021770428866147995,248.6131134033203,718.5267944335938,0.021059472113847733,252.15818786621094,717.9447021484375,0.9999302625656128
201,231.199462890625,397.7283020019531,0.9999978542327881,833.909912109375,407.91070556640625,0.9999971389770508,841.752685546875,415.3489074707031,0.002160746371373534,248.6131134033203,718.5953979492188,0.020731044933199883,252.15818786621094,717.9580078125,0.9997015595436096
202,230.95631408691406,397.6109619140625,0.9999983310699463,833.909912109375,407.91070556640625,0.9999970197677612,841.752685546875,415.347412109375,0.0022212984040379524,248.6131134033203,718.8248291015625,0.0052431495860219,252.15818786621094,717.9447021484375,0.9985363483428955
203,230.58636474609375,397.6109619140625,0.9999985694885254,833.909912109375,407.8944091796875,0.9999970197677612,841.749755859375,415.347412109375,0.0022280069533735514,248.67637634277344,719.0173950195312,0.0012247400591149926,252.82916259765625,717.9725341796875,0.994220495223999
204,230.5860595703125,397.6109619140625,0.9999986886978149,833.97705078125,407.8944091796875,0.9999973773956299,841.7021484375,415.35382080078125,0.00231574522331357,248.67637634277344,719.5609130859375,0.0027064052410423756,252.82916259765625,718.0480346679688,0.9947838187217712
205,230.58230590820312,397.6471252441406,0.9999986886978149,833.9874877929688,407.88592529296875,0.9999971389770508,841.7021484375,415.347412109375,0.002291248645633459,248.67637634277344,720.1583862304688,0.00857262872159481,252.82916259765625,719.4977416992188,0.9851593375205994
206,230.43067932128906,397.668212890625,0.9999986886978149,833.9874877929688,407.88592529296875,0.9999972581863403,841.7021484375,415.347412109375,0.0027667696122080088,247.96044921875,720.6368408203125,0.4670286476612091,251.9987030029297,719.5962524414062,0.986535370349884
207,230.21656799316406,397.68408203125,0.9999988079071045,833.97705078125,407.859130859375,0.9999973773956299,841.712890625,415.3363342285156,0.0022621718235313892,246.55824279785156,722.1117553710938,0.9743822813034058,250.26751708984375,720.9517211914062,0.931502640247345
208,230.10333251953125,397.69488525390625,0.999998927116394,833.9454345703125,407.85302734375,0.9999970197677612,841.712890625,415.3363342285156,0.0023412348236888647,246.55824279785156,722.1717529296875,0.9933920502662659,250.26751708984375,720.9798583984375,0.8471171259880066
209,230.0102996826172,397.7008056640625,0.9999990463256836,833.9338989257812,407.84576416015625,0.9999970197677612,841.745361328125,415.33282470703125,0.0022758597042411566,246.55824279785156,722.1717529296875,0.9985988736152649,250.26751708984375,721.089111328125,0.6243256330490112
210,229.998779296875,397.7265319824219,0.9999990463256836,833.9338989257812,407.85302734375,0.9999972581863403,841.745361328125,415.33282470703125,0.0022282751742750406,247.15867614746094,722.1117553710938,0.9998055100440979,250.73289489746094,721.1381225585938,0.13782426714897156
211,229.9687957763672,397.7265319824219,0.9999990463256836,833.9454345703125,407.85302734375,0.9999973773956299,841.7301025390625,415.3255615234375,0.002317073056474328,247.15867614746094,721.9575805664062,0.9999638795852661,250.73289489746094,721.1381225585938,0.02288200333714485
212,229.95870971679688,397.7265319824219,0.9999990463256836,833.9454345703125,407.9112243652344,0.9999971389770508,841.7301025390625,415.33642578125,0.0022739700507372618,247.15867614746094,721.7593994140625,0.9999828338623047,250.73289489746094,721.1035766601562,0.012702862732112408
213,229.9273223876953,397.7265319824219,0.9999990463256836,833.9338989257812,407.9112243652344,0.9999972581863403,841.745361328125,415.33642578125,0.0022571159061044455,247.08731079101562,721.4340209960938,0.999980092048645,250.30294799804688,721.1035766601562,0.017684519290924072
214,229.9226837158203,397.6800231933594,0.9999991655349731,833.9065551757812,407.9112243652344,0.9999970197677612,841.7556762695312,415.3454284667969,0.002233723411336541,247.05471801757812,720.9012451171875,0.9999656677246094,249.8653106689453,720.7546997070312,0.02202017605304718
215,229.92181396484375,397.6800231933594,0.9999991655349731,833.9065551757812,407.9112243652344,0.9999971389770508,841.7598266601562,415.3454284667969,0.0022645762655884027,246.6659698486328,720.5162353515625,0.9999724626541138,249.19631958007812,720.7028198242188,0.01726767234504223
216,229.92181396484375,397.65240478515625,0.9999990463256836,833.9065551757812,407.9112243652344,0.9999970197677612,841.7640991210938,415.3489990234375,0.002262560185045004,246.39695739746094,720.2940673828125,0.999961256980896,248.73963928222656,720.5520629882812,0.022164538502693176
217,229.9226837158203,397.65240478515625,0.9999990463256836,833.9223022460938,407.9032897949219,0.9999969005584717,841.7857055664062,415.3489990234375,0.0022724743466824293,246.03182983398438,719.8298950195312,0.9999011754989624,248.31459045410156,720.1231689453125,0.0416080504655838
218,229.94610595703125,397.57916259765625,0.9999990463256836,833.9605712890625,407.9032897949219,0.9999971389770508,841.7909545898438,415.3489990234375,0.0023395426105707884,245.3311767578125,719.256591796875,0.9996821880340576,246.85385131835938,718.3779296875,0.08256992697715759
219,230.0502471923828,397.5647888183594,0.9999990463256836,833.9605712890625,407.90576171875,0.9999973773956299,841.8226928710938,415.3489990234375,0.002319744322448969,244.22683715820312,718.7239379882812,0.9985231757164001,245.9859161376953,717.7283325195312,0.34343546628952026
220,230.06175231933594,397.5248107910156,0.999998927116394,833.9605712890625,407.90576171875,0.9999972581863403,841.8389282226562,415.36029052734375,0.002365614054724574,242.9828338623047,718.5921020507812,0.9886597394943237,245.85801696777344,717.4954833984375,0.735951840877533
221,230.07827758789062,397.5235900878906,0.999998927116394,833.9359741210938,407.90576171875,0.9999969005584717,841.8573608398438,415.36029052734375,0.0022894865833222866,242.9828338623047,718.5860595703125,0.8679706454277039,244.96310424804688,717.3705444335938,0.9223873019218445
222,230.2454071044922,397.5235900878906,0.999998927116394,833.9359741210938,407.90576171875,0.9999966621398926,841.8653564453125,415.36029052734375,0.0022702959831804037,242.9828338623047,717.442138671875,0.24300730228424072,244.96310424804688,716.5426635742188,0.95979243516922
223,230.33926391601562,397.4809265136719,0.9999988079071045,833.9359741210938,407.90576171875,0.9999970197677612,841.8704223632812,415.35223388671875,0.0022544541861861944,827.75048828125,409.107666015625,0.0011559344129636884,244.96310424804688,715.389892578125,0.5878132581710815
224,230.492919921875,397.4809265136719,0.9999988079071045,833.9359741210938,407.9250183105469,0.9999973773956299,841.873046875,415.3481140136719,0.002310332376509905,827.77734375,409.107666015625,0.0011637660209089518,840.9898071289062,411.4931335449219,0.0012616923777386546
225,230.61207580566406,397.4809265136719,0.9999986886978149,833.9359741210938,407.9250183105469,0.9999973773956299,841.8848876953125,415.344970703125,0.002335583558306098,827.7835693359375,409.107666015625,0.0011764258379116654,841.0166015625,411.4931335449219,0.001283873338252306
226,230.6135711669922,397.51141357421875,0.9999986886978149,833.94384765625,407.8393249511719,0.9999967813491821,841.9327392578125,415.32958984375,0.0023099533282220364,827.806884765625,409.1279296875,0.001163278240710497,841.0391235351562,411.47430419921875,0.0012423350708559155
227,230.77435302734375,397.6225280761719,0.9999985694885254,833.9217529296875,407.8393249511719,0.9999966621398926,841.944091796875,415.32958984375,0.0023356368765234947,827.806884765625,409.13092041015625,0.0012252300512045622,841.0421142578125,411.4736022949219,0.0012722566025331616
228,230.785888671875,397.6861572265625,0.9999984502792358,833.9217529296875,407.7981262207031,0.9999970197677612,841.9535522460938,415.3160400390625,0.002374028554186225,827.806884765625,409.13092041015625,0.0012259428622201085,841.0444946289062,411.4352111816406,0.0012894830433651805
229,230.94805908203125,397.75994873046875,0.9999982118606567,833.94384765625,407.7587890625,0.9999972581863403,841.9688110351562,415.32958984375,0.002407907275483012,827.806884765625,409.13092041015625,0.0012129361275583506,841.065185546875,411.4352111816406,0.0013016893062740564
230,231.1800537109375,397.75994873046875,0.9999977350234985,833.9519653320312,407.752685546875,0.9999971389770508,841.9793701171875,415.32958984375,0.0025037298910319805,827.821533203125,409.13092041015625,0.0012531302636489272,841.0935668945312,411.4352111816406,0.0013658121461048722
231,231.2232666015625,397.75994873046875,0.9999977350234985,834.2066650390625,407.6905212402344,0.9999972581863403,841.9793701171875,415.34027099609375,0.002525799209252,827.9254760742188,409.13092041015625,0.0012763839913532138,841.11474609375,411.42828369140625,0.0013633019989356399
232,231.53321838378906,397.6538391113281,0.9999973773956299,834.2977294921875,407.6637878417969,0.9999973773956299,841.9688110351562,415.363525390625,0.0025506089441478252,827.9270629882812,409.12518310546875,0.0013168267905712128,841.1397094726562,411.4157409667969,0.0013737967237830162
233,231.5792694091797,397.3834533691406,0.999997615814209,834.3292846679688,407.4469299316406,0.9999977350234985,49.477577209472656,586.3270874023438,0.01679825969040394,827.9270629882812,409.1140441894531,0.0013296998804435134,841.1400146484375,411.4051818847656,0.0014170226640999317
234,231.5792694091797,397.1903381347656,0.9999972581863403,834.34814453125,407.4423522949219,0.9999978542327881,48.90757369995117,587.5869140625,0.11115507781505585,827.947998046875,409.07891845703125,0.0013346741907298565,841.1400146484375,411.4051818847656,0.001459493301808834
235,231.5792694091797,396.8777160644531,0.9999970197677612,834.4214477539062,407.3692321777344,0.9999974966049194,45.45042037963867,587.7584228515625,0.33856284618377686,827.9270629882812,409.07891845703125,0.0013530619908124208,841.1444702148438,411.40447998046875,0.00149426085408777
236,231.4613037109375,396.6966247558594,0.9999971389770508,834.5081787109375,407.34234619140625,0.9999977350234985,45.45042037963867,587.7584228515625,0.1307060420513153,827.9188842773438,409.1140441894531,0.001375347375869751,841.1444702148438,411.40447998046875,0.0015562663320451975
237,231.31190490722656,396.6644287109375,0.9999974966049194,834.6525268554688,407.0977783203125,0.9999979734420776,45.45042037963867,587.5869140625,0.0031958764884620905,76.0314712524414,713.0767822265625,0.9522498846054077,841.1627197265625,411.3444519042969,0.0015880384016782045
238,231.2102813720703,396.60723876953125,0.999997615814209,834.6525268554688,407.0892639160156,0.9999979734420776,841.659912109375,415.4411926269531,0.002922610379755497,67.30355072021484,713.0767822265625,0.9999587535858154,841.1627197265625,411.4062194824219,0.0034425193443894386
239,231.1659393310547,396.5867614746094,0.9999974966049194,834.6660766601562,406.97845458984375,0.9999979734420776,841.659912109375,415.4405822753906,0.002930179238319397,58.42028045654297,713.0767822265625,0.9997830986976624,841.2463989257812,411.2889099121094,0.0016076533356681466
240,231.09971618652344,396.5115661621094,0.9999973773956299,834.712158203125,406.8757629394531,0.9999979734420776,841.659912109375,415.4405822753906,0.003112196223810315,52.18124008178711,712.78759765625,0.9999693632125854,841.313232421875,411.2101745605469,0.002224331721663475
241,231.06976318359375,396.5115661621094,0.9999977350234985,834.712158203125,406.802490234375,0.9999980926513672,841.5647583007812,415.4405822753906,0.0031020536553114653,43.08462905883789,712.0430297851562,0.9997007846832275,841.3644409179688,411.16436767578125,0.0016412304248660803
242,230.82908630371094,396.5115661621094,0.9999979734420776,834.7547607421875,406.711669921875,0.9999982118606567,841.5421142578125,415.4410095214844,0.003142907749861479,35.63447189331055,711.928955078125,0.9996269941329956,841.3644409179688,411.16436767578125,0.0016620986862108111
243,230.63388061523438,396.6611328125,0.9999980926513672,834.8211669921875,406.70587158203125,0.9999982118606567,841.4033203125,415.4410095214844,0.0032779749017208815,28.876523971557617,711.928955078125,0.9982168078422546,841.3723754882812,411.12890625,0.0017155224923044443
244,230.45046997070312,396.7653503417969,0.9999980926513672,834.892333984375,406.7032775878906,0.9999980926513672,841.384765625,415.4410095214844,0.004317314829677343,20.0081787109375,711.928955078125,0.9133661985397339,841.3723754882812,411.1247253417969,0.0026622225996106863
245,230.45046997070312,396.7653503417969,0.9999979734420776,834.892333984375,406.61083984375,0.9999982118606567,841.384765625,415.4147644042969,0.002997130388393998,20.0081787109375,711.928955078125,0.021616311743855476,841.3644409179688,411.1247253417969,0.0017480776878073812
246,230.45046997070312,396.7653503417969,0.9999978542327881,834.9228515625,406.60552978515625,0.9999982118606567,841.384765625,415.4061584472656,0.0030709211714565754,20.0081787109375,711.928955078125,0.0022610786836594343,841.3602294921875,411.1229248046875,0.0017885853303596377
247,230.5668182373047,396.73223876953125,0.9999974966049194,834.9529418945312,406.5893859863281,0.9999982118606567,841.384765625,415.4061584472656,0.003073320956900716,827.9644775390625,408.849853515625,0.0017540531698614359,841.3602294921875,411.0704345703125,0.0017690150998532772
248,230.5668182373047,396.7120056152344,0.9999970197677612,834.9529418945312,406.5199890136719,0.9999982118606567,841.384765625,415.4095458984375,0.00302269053645432,827.9842529296875,408.80218505859375,0.001765210647135973,841.3375854492188,411.0704345703125,0.0017598916310817003
249,230.62673950195312,396.6930847167969,0.9999972581863403,834.9529418945312,406.5199890136719,0.9999982118606567,841.3892822265625,415.4095458984375,0.003052937798202038,827.9891357421875,408.80218505859375,0.0017795447492972016,841.3375854492188,411.04388427734375,0.0019305474124848843
250,230.62673950195312,396.6816711425781,0.9999972581863403,834.9529418945312,406.4403076171875,0.9999982118606567,841.3895263671875,415.390869140625,0.0030072007793933153,828.011962890625,408.8106689453125,0.0017874566838145256,841.3375854492188,410.996826171875,0.001775410957634449
251,230.48519897460938,396.6816711425781,0.9999963045120239,834.9529418945312,406.4356994628906,0.9999980926513672,841.4031982421875,415.3960266113281,0.003092895494773984,828.011962890625,408.8001403808594,0.0017668389482423663,841.452392578125,410.9339599609375,0.0017613666132092476
252,230.39361572265625,396.6816711425781,0.9999964237213135,834.9187622070312,406.4031982421875,0.9999982118606567,841.4066162109375,415.3895263671875,0.003014460438862443,828.0142211914062,408.8001403808594,0.0017555725062265992,841.4674682617188,410.9339599609375,0.0018180037150159478
253,230.30673217773438,396.83538818359375,0.9999963045120239,834.9178466796875,406.3447265625,0.9999982118606567,841.419189453125,415.37841796875,0.002956211566925049,828.011962890625,408.8012390136719,0.0017944563878700137,841.49365234375,410.883544921875,0.0017987327883020043
254,229.91934204101562,396.94427490234375,0.9999970197677612,834.9178466796875,406.3289794921875,0.9999982118606567,841.419189453125,415.37841796875,0.0030177596490830183,828.011962890625,408.8001403808594,0.0018229993293061852,841.4871826171875,410.883544921875,0.001845263410359621
255,229.83602905273438,397.106201171875,0.9999973773956299,834.9178466796875,406.31134033203125,0.9999980926513672,841.4254150390625,415.37841796875,0.0029971047770231962,828.0142211914062,408.7947082519531,0.0017944989958778024,841.4871826171875,410.883544921875,0.0018612116109579802
256,229.83602905273438,397.1400146484375,0.9999973773956299,834.9424438476562,406.2828674316406,0.9999982118606567,841.419189453125,415.3722839355469,0.0030207165982574224,828.0379028320312,408.78179931640625,0.0018103840993717313,841.49365234375,410.8367919921875,0.0018976631108671427
257,229.83602905273438,397.2279968261719,0.9999972581863403,834.9424438476562,406.1680603027344,0.9999983310699463,841.4299926757812,415.37841796875,0.0029223242308944464,828.0424194335938,408.75885009765625,0.0018371808109804988,841.49365234375,410.8323974609375,0.007436699233949184
258,230.28553771972656,397.27093505859375,0.9999964237213135,834.9424438476562,406.1075744628906,0.9999982118606567,841.4564208984375,415.3865051269531,0.00296152476221323,828.0424194335938,408.75457763671875,0.0018595929723232985,841.4921264648438,410.8058776855469,0.0018980425084009767
259,230.5496826171875,397.3587951660156,0.9999954700469971,834.9241943359375,406.10260009765625,0.9999983310699463,841.4564208984375,415.391357421875,0.0028966276440769434,828.0379028320312,408.7463073730469,0.0018110134406015277,841.4974365234375,410.7652893066406,0.0019197325455024838
260,230.6082000732422,397.86627197265625,0.9999960660934448,834.9136352539062,406.0819091796875,0.9999982118606567,841.41552734375,415.391357421875,0.002837931737303734,828.0424194335938,408.7463073730469,0.0018257501069456339,841.5064697265625,410.70892333984375,0.0018927898490801454
261,230.6244659423828,397.89691162109375,0.9999954700469971,834.9136352539062,406.0819091796875,0.9999984502792358,841.4135131835938,415.4201354980469,0.0028126544784754515,828.0424194335938,408.7463073730469,0.0018187655368819833,841.4974365234375,410.70892333984375,0.0019254660001024604
262,230.6244659423828,398.0837707519531,0.9999949932098389,834.9136352539062,406.0819091796875,0.9999983310699463,240.97268676757812,418.5968322753906,0.0035602364223450422,828.0420532226562,408.7361145019531,0.001871031359769404,841.4921264648438,410.70892333984375,0.0019703644793480635
263,230.6244659423828,398.7559509277344,0.9999938011169434,834.9340209960938,406.0387268066406,0.9999982118606567,240.94808959960938,418.5968322753906,0.003841631580144167,828.054931640625,408.7071533203125,0.00180635426659137,841.429443359375,410.7007141113281,0.0020031912717968225
264,230.34417724609375,399.28863525390625,0.9999946355819702,834.9340209960938,406.0387268066406,0.9999983310699463,240.9300079345703,418.5968322753906,0.004294954240322113,828.054931640625,408.6899108886719,0.0018330292077735066,841.4154052734375,410.7007141113281,0.001994512276723981
265,230.04833984375,399.5635070800781,0.9999932050704956,834.9340209960938,406.12982177734375,0.9999984502792358,240.9300079345703,418.3443298339844,0.006345195695757866,828.054931640625,408.7028503417969,0.0018378952518105507,841.4021606445312,410.7362060546875,0.0020417801570147276
266,229.8457489013672,399.6930847167969,0.9999904632568359,834.9118041992188,406.0708312988281,0.9999984502792358,240.9300079345703,418.2451171875,0.004629823379218578,828.0420532226562,408.69000244140625,0.0018469537608325481,841.3624267578125,410.72882080078125,0.002017971593886614
267,229.8457489013672,399.6930847167969,0.9999912977218628,834.9118041992188,406.0708312988281,0.9999984502792358,240.82061767578125,418.2451171875,0.004559038672596216,828.050537109375,408.69000244140625,0.0018281013472005725,841.3571166992188,410.72882080078125,0.0020392313599586487
268,229.8457489013672,399.5635070800781,0.999992847442627,834.9118041992188,406.1481018066406,0.9999984502792358,240.82061767578125,418.2451171875,0.0030422040726989508,828.050537109375,408.6922607421875,0.0018376967636868358,841.3546752929688,410.76226806640625,0.002015087055042386
269,230.7276153564453,399.5635070800781,0.9999943971633911,834.9548950195312,406.1515197753906,0.9999984502792358,841.2313842773438,415.48248291015625,0.003054901957511902,828.0655517578125,408.6990966796875,0.0018501282902434468,841.3276977539062,410.7810974121094,0.0020025880075991154
270,232.1724090576172,399.6999206542969,0.9999842643737793,835.0499267578125,406.1534729003906,0.9999985694885254,841.2513427734375,415.4420471191406,0.0030399977695196867,828.0628051757812,408.6990966796875,0.001846713712438941,841.3197631835938,410.82110595703125,0.002063984517008066
271,232.7967071533203,399.76031494140625,0.999968409538269,835.0499267578125,406.187255859375,0.9999985694885254,841.2410278320312,415.4420471191406,0.0029977886006236076,828.0628051757812,408.716796875,0.0018367907032370567,841.2656860351562,410.8272705078125,0.002054590964689851
272,233.28871154785156,400.1992492675781,0.9999611377716064,835.0499267578125,406.1934814453125,0.9999985694885254,841.2410278320312,415.43939208984375,0.0030301432125270367,828.0693359375,408.726318359375,0.0018636032473295927,841.2621459960938,410.835693359375,0.002048022812232375
273,234.89401245117188,400.7767333984375,0.06527405232191086,835.0084228515625,406.2315979003906,0.9999985694885254,841.2410278320312,415.43890380859375,0.0029188846237957478,828.0693359375,408.7310791015625,0.0018213990842923522,841.2059936523438,410.86224365234375,0.0019364200998097658
274,835.7401733398438,408.0738220214844,0.0027181864716112614,835.0084228515625,406.2315979003906,0.9999985694885254,841.24169921875,415.4266357421875,0.002942041726782918,828.0723266601562,408.7344970703125,0.001866892329417169,841.20166015625,410.87615966796875,0.0019713251385837793
275,835.7401733398438,408.1034240722656,0.0027801687829196453,835.0084228515625,406.2398376464844,0.9999985694885254,841.2410278320312,415.4266357421875,0.003006100421771407,828.0733642578125,408.7344970703125,0.0018498473800718784,841.197021484375,410.9066162109375,0.0019870914984494448
276,835.7401733398438,408.11651611328125,0.0028072469867765903,835.0336303710938,406.296875,0.9999986886978149,841.2350463867188,415.4234924316406,0.002994741778820753,828.0809326171875,408.7462158203125,0.001866983831860125,841.1778564453125,410.90753173828125,0.002003729110583663
277,835.7120361328125,408.1783752441406,0.0028221162501722574,835.0336303710938,406.3747863769531,0.9999984502792358,841.24169921875,415.41131591796875,0.003006889019161463,828.0733642578125,408.7716979980469,0.0018498720601201057,841.1629028320312,410.94573974609375,0.0019840477034449577
278,835.7052612304688,408.1783752441406,0.0027345858979970217,835.0336303710938,406.3747863769531,0.9999984502792358,841.2418212890625,415.4036865234375,0.0029548541642725468,828.0758056640625,408.7716979980469,0.001876641996204853,841.1488037109375,410.94573974609375,0.0019328771159052849
279,835.6807250976562,408.1885681152344,0.0027021565474569798,834.998046875,406.3747863769531,0.9999984502792358,841.2418212890625,415.3979187011719,0.002977089723572135,828.0897216796875,408.7716979980469,0.0018323584226891398,841.1287231445312,410.94573974609375,0.0019387087086215615
280,835.6807250976562,408.1885681152344,0.0027415635995566845,834.998046875,406.3675537109375,0.9999985694885254,841.2418212890625,415.3979187011719,0.002997483592480421,828.0821533203125,408.76171875,0.0018519016448408365,841.1261596679688,410.94573974609375,0.001964620314538479
281,835.6807250976562,408.1885681152344,0.002735471585765481,834.998046875,406.3675537109375,0.9999984502792358,841.2418212890625,415.3979187011719,0.0030024026054888964,828.0821533203125,408.76171875,0.0018716573249548674,841.1261596679688,410.94573974609375,0.001952486578375101
282,835.6820068359375,408.1885681152344,0.002710695844143629,835.0243530273438,406.3675537109375,0.9999985694885254,841.2337036132812,415.40045166015625,0.0029223491437733173,828.0897216796875,408.752685546875,0.0018517781281843781,841.1163330078125,410.975830078125,0.0019476282177492976
283,835.6820068359375,408.1885681152344,0.0027577285654842854,835.0243530273438,406.3675537109375,0.9999984502792358,841.2337036132812,415.40045166015625,0.0029514534398913383,828.0897216796875,408.76171875,0.0018726714188233018,841.084228515625,410.975830078125,0.001956540159881115
284,835.6820068359375,408.2052917480469,0.00272802310064435,835.0243530273438,406.3746643066406,0.9999984502792358,841.2337036132812,415.40045166015625,0.0029259875882416964,828.0911254882812,408.78912353515625,0.0018565596546977758,841.084228515625,410.975830078125,0.001982895191758871
285,835.6791381835938,408.2052917480469,0.0027190735563635826,835.0262451171875,406.3835144042969,0.9999985694885254,841.2567138671875,415.3984069824219,0.002966520143672824,828.0928955078125,408.78912353515625,0.001850919215939939,841.077392578125,410.9684143066406,0.001963206334039569
286,835.675537109375,408.2086181640625,0.00280884001404047,835.0184936523438,406.3835144042969,0.9999984502792358,841.2573852539062,415.39654541015625,0.003020339412614703,828.0928955078125,408.78912353515625,0.001825150684453547,841.077392578125,410.9684143066406,0.0019772688392549753
287,835.658203125,408.2127685546875,0.0027349786832928658,835.0184936523438,406.4078674316406,0.9999985694885254,841.2651977539062,415.3853759765625,0.0029474834445863962,828.0975952148438,408.7919921875,0.001837705378420651,841.08154296875,410.9684143066406,0.0019524472299963236
288,835.6585693359375,408.253662109375,0.0026802527718245983,835.0262451171875,406.4493713378906,0.9999984502792358,841.2651977539062,415.3800354003906,0.0029295412823557854,828.1083984375,408.8266906738281,0.0018056819681078196,841.08154296875,411.0103454589844,0.0019330335780978203
289,835.6585693359375,408.253662109375,0.0027487496845424175,835.0325317382812,406.4493713378906,0.9999984502792358,841.2648315429688,415.3736877441406,0.002945337677374482,828.1158447265625,408.8266906738281,0.0018064022297039628,841.08154296875,411.0103454589844,0.001969436416402459
290,835.6585693359375,408.253662109375,0.0027608931995928288,835.0325317382812,406.4493713378906,0.9999984502792358,841.2651977539062,415.36175537109375,0.00296386843547225,828.1250610351562,408.8266906738281,0.0018275880720466375,841.08154296875,411.0103454589844,0.0019903024658560753
291,835.6952514648438,408.23345947265625,0.002748931525275111,835.0325317382812,406.4422302246094,0.9999985694885254,841.2651977539062,415.337890625,0.002958607394248247,828.1250610351562,408.8028564453125,0.0018430863274261355,841.0696411132812,410.998291015625,0.0020096132066100836
292,835.7003173828125,408.22271728515625,0.0027930201031267643,835.0325317382812,406.41131591796875,0.9999984502792358,841.2852783203125,415.3291015625,0.002974926494061947,828.1290893554688,408.7958984375,0.0017623469466343522,841.0684814453125,410.9981689453125,0.00203345506452024
293,835.7229614257812,408.2171936035156,0.0027700262144207954,835.0425415039062,406.41131591796875,0.9999984502792358,841.2907104492188,415.3286437988281,0.00295499456115067,828.1344604492188,408.7958984375,0.001778954640030861,841.0696411132812,410.9981689453125,0.0020084765274077654
294,835.7401733398438,408.2171936035156,0.002798595931380987,835.0425415039062,406.43994140625,0.9999984502792358,841.2933959960938,415.31768798828125,0.0029007045086473227,828.1450805664062,408.7994079589844,0.0018040360882878304,841.0696411132812,410.998291015625,0.0020416725892573595
295,835.7879638671875,408.2070617675781,0.0028169224970042706,835.1178588867188,406.43994140625,0.9999984502792358,841.296142578125,415.3157958984375,0.0029032405000180006,828.1685180664062,408.7994079589844,0.0017923777922987938,841.0722045898438,410.998291015625,0.002040429273620248
296,835.7879638671875,408.2070617675781,0.002787310164421797,835.1178588867188,406.43994140625,0.9999984502792358,841.296142578125,415.3114013671875,0.0028701648116111755,828.1685180664062,408.7932434082031,0.0018332413164898753,841.0722045898438,411.0003967285156,0.0020181310828775167
297,835.7879638671875,408.2171936035156,0.002764532109722495,835.1178588867188,406.43994140625,0.9999984502792358,841.3162231445312,415.3157958984375,0.0028646974824368954,828.1685180664062,408.7932434082031,0.001837113406509161,841.0722045898438,411.0003967285156,0.0020213488023728132
298,832.6768188476562,408.3190612792969,0.0027697733603417873,835.123779296875,406.4029235839844,0.9999983310699463,841.3296508789062,415.3157958984375,0.002827238757163286,828.1508178710938,408.76385498046875,0.001863249228335917,841.0651245117188,410.9908447265625,0.002002922585234046
299,832.6768188476562,408.3190612792969,0.0027984643820673227,835.123779296875,406.3951721191406,0.9999983310699463,841.3296508789062,415.31756591796875,0.002901042578741908,828.1508178710938,408.7615661621094,0.0018544754711911082,841.0504760742188,410.9734191894531,0.013926173560321331
300,832.6768188476562,408.3190612792969,0.0029487593565136194,835.123779296875,406.3951721191406,0.9999984502792358,841.3296508789062,415.32379150390625,0.002867077011615038,828.1287231445312,408.7549743652344,0.0018833839567378163,841.0332641601562,410.9734191894531,0.002096113283187151
301,832.7031860351562,408.30364990234375,0.002910587703809142,835.1580200195312,406.3758850097656,0.9999984502792358,841.3033447265625,415.3333740234375,0.0028016329742968082,828.1503295898438,408.7495422363281,0.0019458854803815484,841.0284423828125,410.9734191894531,0.0020313244313001633
302,832.7116088867188,408.286865234375,0.0029213239904493093,835.1580200195312,406.375,0.9999985694885254,841.2946166992188,415.33868408203125,0.0028133669402450323,828.1503295898438,408.73626708984375,0.0019298100378364325,841.0332641601562,410.9734191894531,0.0020301358308643103
303,832.7163696289062,408.2508544921875,0.0029547966551035643,835.1664428710938,406.35467529296875,0.9999985694885254,841.2908325195312,415.3548583984375,0.00279354490339756,828.1287231445312,408.73455810546875,0.0019756245892494917,841.0332641601562,410.97576904296875,0.0020491525065153837
304,832.7163696289062,408.17974853515625,0.0029747835360467434,835.1580200195312,406.375,0.9999985694885254,841.2946166992188,415.3619384765625,0.0029172322247177362,828.128173828125,408.73626708984375,0.001975990366190672,828.5817260742188,411.0140686035156,0.002100954297930002
305,832.7163696289062,408.1741027832031,0.002920925384387374,835.1430053710938,406.3758850097656,0.9999985694885254,841.2946166992188,415.3721008300781,0.0028926616068929434,828.1029663085938,408.7495422363281,0.001979714957997203,828.5817260742188,411.0140686035156,0.002057432197034359
306,832.5882568359375,408.1741027832031,0.002914512064307928,835.0045776367188,406.42645263671875,0.9999985694885254,841.3012084960938,415.3738098144531,0.002944275038316846,828.0634765625,408.76055908203125,0.0019403351470828056,828.5386352539062,411.0140686035156,0.0020108234602957964
307,832.5346069335938,408.17974853515625,0.0028379897121340036,835.0045776367188,406.46673583984375,0.9999985694885254,841.3012084960938,415.3738098144531,0.002942861756309867,828.0634765625,408.7996520996094,0.0018818312091752887,828.4267578125,411.0806579589844,0.001972428523004055
308,832.5264282226562,408.2568664550781,0.0028066905215382576,835.0045776367188,406.6236877441406,0.9999985694885254,841.3012084960938,415.3721008300781,0.002850843360647559,828.0465698242188,408.8447570800781,0.0018643306102603674,828.397216796875,411.2301940917969,0.001933134626597166
309,832.526123046875,408.2568664550781,0.0026938077062368393,834.990966796875,406.6236877441406,0.9999985694885254,841.2514038085938,415.37060546875,0.0028136924374848604,828.0465698242188,408.8447570800781,0.0018116546561941504,828.3935546875,411.2301940917969,0.0018894209060817957
310,832.5095825195312,408.2568664550781,0.002664092229679227,834.990966796875,406.6236877441406,0.9999985694885254,841.2359008789062,415.3607482910156,0.0028164712712168694,828.0465698242188,408.8447570800781,0.0018105204217135906,828.3800048828125,411.2301940917969,0.001893306034617126
